PDB code,Wild,Residue number,Mutated,Chain,Experimental ddG,RSA,Temperature,pH,Method
1A2J,C,33,S,-,-1.1,0.3,25,7.5,Urea
1A2J,C,30,S,-,-1.8,2.5,25,7.5,Urea
1A2P,H,18,Q,A,-1.44,39.1,25,6.3,Urea
1A2P,T,6,P,A,-3.3,51.4,25,6.3,Urea
1A2P,D,8,G,A,-1.3,62.4,25,6.3,Urea
1A2P,D,8,S,A,-0.7,62.4,25,6.3,Urea
1A2P,D,12,G,A,-0.2,49.6,25,6.3,Urea
1A2P,D,12,S,A,-0.9,49.6,25,6.3,Urea
1A2P,T,16,G,A,-1.3,56.5,25,6.3,Urea
1A2P,T,16,A,A,-0.5,56.5,25,6.3,Urea
1A2P,Y,17,G,A,-4,60.8,25,6.3,Urea
1A2P,Y,17,S,A,-2,60.8,25,6.3,Urea
1A2P,H,18,S,A,-2.1,39.1,25,6.3,Urea
1A2P,H,18,N,A,-1.8,39.1,25,6.3,Urea
1A2P,H,18,D,A,-2.2,39.1,25,6.3,Urea
1A2P,H,18,R,A,-1,39.1,25,6.3,Urea
1A2P,T,26,D,A,-0.08,24,25,6.3,Urea
1A2P,S,28,G,A,-0.5,60.8,25,6.3,Urea
1A2P,S,28,A,A,0.6,60.8,25,6.3,Urea
1A2P,E,29,S,A,-1.2,49.5,25,6.3,Urea
1A2P,Q,31,G,A,-1.1,53,25,6.3,Urea
1A2P,G,34,A,A,-2.7,5.2,25,6.3,Urea
1A2P,G,34,S,A,-2.9,5.2,25,6.3,Urea
1A2P,G,34,N,A,-2.7,5.2,25,6.3,Urea
1A2P,G,34,D,A,-3.2,5.2,25,6.3,Urea
1A2P,G,34,H,A,-2.3,5.2,25,6.3,Urea
1A2P,G,34,K,A,-2.7,5.2,25,6.3,Urea
1A2P,G,34,R,A,-2.8,5.2,25,6.3,Urea
1A2P,G,34,T,A,-3.2,5.2,25,6.3,Urea
1A2P,A,32,R,A,-0.2,18.8,25,6.3,Urea
1A2P,A,32,K,A,-0.1,18.8,25,6.3,Urea
1A2P,A,32,M,A,-0.08,18.8,25,6.3,Urea
1A2P,A,32,L,A,0.08,18.8,25,6.3,Urea
1A2P,A,32,S,A,-0.16,18.8,25,6.3,Urea
1A2P,A,32,Q,A,-0.35,18.8,25,6.3,Urea
1A2P,A,32,E,A,0.13,18.8,25,6.3,Urea
1A2P,A,32,N,A,-0.33,18.8,25,6.3,Urea
1A2P,A,32,F,A,-0.43,18.8,25,6.3,Urea
1A2P,A,32,D,A,-0.41,18.8,25,6.3,Urea
1A2P,A,32,H,A,-0.7,18.8,25,6.3,Urea
1A2P,A,32,T,A,-0.49,18.8,25,6.3,Urea
1A2P,A,32,I,A,-0.68,18.8,25,6.3,Urea
1A2P,A,32,Y,A,-0.7,18.8,25,6.3,Urea
1A2P,A,32,V,A,-0.34,18.8,25,6.3,Urea
1A2P,A,32,W,A,-1.14,18.8,25,6.3,Urea
1A2P,A,32,C,A,-1.85,18.8,25,6.3,Urea
1A2P,A,32,P,A,-4.12,18.8,25,6.3,Urea
1A2P,S,28,E,A,0.61,60.8,25,6.3,Urea
1A2P,F,7,L,A,-4.1,16.2,25,6.15,Urea
1A2P,Y,13,F,A,-0.63,20.4,25,6.3,Urea
1A2P,Y,17,F,A,-0.58,60.8,25,6.3,Urea
1A2P,E,73,F,A,-2.1,7.6,25,6.3,Urea
1A2P,E,73,Q,A,-2.7,7.6,25,6.3,Urea
1A2P,E,73,W,A,-2.2,7.6,25,6.3,Urea
1A2P,R,59,A,A,0.64,92.9,25,6.3,Urea
1A2P,H,102,A,A,-0.24,56.2,25,6.3,Urea
1A2P,S,57,A,A,0.15,53.2,25,6.3,Urea
1A2P,E,73,A,A,-2.3,7.6,25,6.3,Urea
1A2P,I,76,T,A,-2.69,0,25,6.3,Urea
1A2P,Q,15,I,A,1.38,38.4,25,6.3,Urea
1A2P,K,19,R,A,0.88,42,25,6.3,Urea
1A2P,E,29,Q,A,-0.22,49.5,25,6.3,Urea
1A2P,D,44,E,A,-0.32,76.7,25,6.3,Urea
1A2P,G,65,S,A,0.98,77.3,25,6.3,Urea
1A2P,K,66,A,A,0.98,66.5,25,6.3,Urea
1A2P,T,79,V,A,0.18,77.9,25,6.3,Urea
1A2P,S,85,A,A,0.28,26.9,25,6.3,Urea
1A2P,I,88,L,A,-0.02,0,25,6.3,Urea
1A2P,K,108,R,A,0.78,53.7,25,6.3,Urea
1A2P,Y,24,F,A,0.09,10.2,25,6.3,Urea
1A2P,I,25,A,A,-3.68,13.5,25,6.3,Urea
1A2P,I,51,A,A,-4.72,1.8,25,6.3,Urea
1A2P,Y,103,F,A,-0.18,23.6,25,6.3,Urea
1A2P,N,58,A,A,-2.085,21.5,25,6.3,Urea
1A2P,K,62,R,A,-0.32375,42.8,25,6.3,Urea
1A2P,I,88,V,A,-1.5225,0,25,6.3,Urea
1A2P,S,91,A,A,-2.1725,0.9,25,6.3,Urea
1A2P,S,92,A,A,-2.995,52.9,25,6.3,Urea
1A2P,T,6,A,A,-2.085,51.4,25,6.3,Urea
1A2P,T,6,G,A,-0.91,51.4,25,6.3,Urea
1A2P,V,10,T,A,-2.4075,0,25,6.3,Urea
1A2P,V,10,A,A,-3.5325,0,25,6.3,Urea
1A2P,L,14,A,A,-4.5075,0.2,25,6.3,Urea
1A2P,I,55,V,A,-0.47,62.5,25,6.3,Urea
1A2P,T,99,V,A,-2.955,1,25,6.3,Urea
1A2P,T,105,V,A,-2.195,63.9,25,6.3,Urea
1A2P,I,109,V,A,-0.8,21.8,25,6.3,Urea
1A2P,Y,13,A,A,-3.53,20.4,25,6.3,Urea
1A2P,Y,17,A,A,-2.1275,60.8,25,6.3,Urea
1A2P,T,16,S,A,-1.605,56.5,25,6.3,Urea
1A2P,H,18,G,A,-0.795,39.1,25,6.3,Urea
1A2P,H,18,A,A,-2.025,39.1,25,6.3,Urea
1A2P,H,18,K,A,-0.91,39.1,25,6.3,Urea
1A2P,E,29,G,A,-2.125,49.5,25,6.3,Urea
1A2P,E,29,A,A,-1.28,49.5,25,6.3,Urea
1A2P,Q,31,S,A,0.29,53,25,6.3,Urea
1A2P,Q,31,A,A,-0.185,53,25,6.3,Urea
1A2P,A,32,G,A,-0.78,18.8,25,6.3,Urea
1A2P,I,96,V,A,-0.925,0,25,6.3,Urea
1A2P,I,96,A,A,-2.95312,0,25,6.3,Urea
1A2P,I,88,A,A,-3.42,0,25,6.3,Urea
1A2P,D,12,A,A,-0.2275,49.6,25,6.3,Urea
1A2P,T,16,R,A,0.42,56.5,25,6.3,Urea
1A2P,I,4,V,A,-0.705,35.2,25,6.3,Urea
1A2P,I,4,A,A,-0.79,35.2,25,6.3,Urea
1A2P,K,27,A,A,0.445,33.5,25,6.3,Urea
1A2P,N,58,D,A,0.355,21.5,25,6.3,Urea
1A2P,Q,104,A,A,-0.09,66.3,25,6.3,Urea
1A2P,D,54,N,A,-2.36125,20.5,25,6.3,Urea
1A2P,N,5,A,A,-1.8375,19.2,25,6.3,Urea
1A2P,D,8,A,A,-0.955,62.4,25,6.3,Urea
1A2P,L,89,V,A,-0.3225,0,25,6.3,Urea
1A2P,N,23,A,A,-2.3,5.1,25,6.3,Urea
1A2P,I,25,V,A,-1.0625,13.5,25,6.3,Urea
1A2P,T,26,G,A,-1.215,24,25,6.3,Urea
1A2P,T,26,A,A,-1.8,24,25,6.3,Urea
1A2P,L,33,Q,A,-1.355,25,25,6.3,Urea
1A2P,V,36,A,A,-1.39,45.2,25,6.3,Urea
1A2P,V,36,T,A,-1.125,45.2,25,6.3,Urea
1A2P,N,41,D,A,-2.5425,7.6,25,6.3,Urea
1A2P,V,45,T,A,-2.325,9,25,6.3,Urea
1A2P,D,54,A,A,-2.975,20.5,25,6.3,Urea
1A2P,I,55,T,A,-1.12,62.5,25,6.3,Urea
1A2P,I,55,A,A,-1.38,62.5,25,6.3,Urea
1A2P,I,76,V,A,-0.875,0,25,6.3,Urea
1A2P,I,76,A,A,-1.63,0,25,6.3,Urea
1A2P,N,77,A,A,-1.6625,49.8,25,6.3,Urea
1A2P,N,84,A,A,-1.9675,31.1,25,6.3,Urea
1A2P,L,89,T,A,-2.725,0,25,6.3,Urea
1A2P,I,109,A,A,-1.54,21.8,25,6.3,Urea
1A2P,R,110,A,A,-0.195,35.6,25,6.3,Urea
1A2P,Y,78,F,A,-1.245,5,25,6.3,Urea
1A6M,I,28,A,_,-2.06,1,25,6,Urea
1A6M,L,29,A,_,-0.39,1.7,25,6,Urea
1A6M,I,30,A,_,-1.9,3.1,25,6,Urea
1A6M,L,32,A,_,-2.04,5,25,6,Urea
1AEP,T,28,A,A,0.6,0.1,25,7.4,GdnHCl
1AEP,T,141,A,A,-1.32,0.1,25,7.4,GdnHCl
1AEP,L,14,K,A,-1.36,0.4,25,7.4,GdnHCl
1AEP,A,137,K,A,-1.69,3.2,25,7.4,GdnHCl
1AIE,E,326,A,-,-1.6,103.3,25,7,GdnHCl
1AIE,F,328,A,-,-7.2,84.6,25,7,GdnHCl
1AIE,T,329,A,-,-3.6,96.1,25,7,GdnHCl
1AIE,Q,331,A,-,-1.4,100.8,25,7,GdnHCl
1AIE,R,333,A,-,-3.9,89,25,7,GdnHCl
1AIE,R,335,A,-,-2.1,70.4,25,7,GdnHCl
1AIE,E,336,A,-,3,76.3,25,7,GdnHCl
1AIE,R,337,A,-,-9.3,56.6,25,7,GdnHCl
1AIE,F,338,A,-,-7.2,43.9,25,7,GdnHCl
1AIE,E,339,A,-,-1.8,48.3,25,7,GdnHCl
1AIE,M,340,A,-,-6.4,49.9,25,7,GdnHCl
1AIE,R,342,A,-,-1.4,55.3,25,7,GdnHCl
1AIE,E,343,A,-,-1.1,71.6,25,7,GdnHCl
1AIE,N,345,A,-,-3.7,50.8,25,7,GdnHCl
1AIE,E,346,A,-,-0.4,46.2,25,7,GdnHCl
1AIE,A,347,G,-,-2.7,50.9,25,7,GdnHCl
1AIE,E,349,A,-,-3.8,62.2,25,7,GdnHCl
1AIE,L,350,A,-,-2.1,64.2,25,7,GdnHCl
1AIE,K,351,A,-,2.5,50.8,25,7,GdnHCl
1AIE,D,352,A,-,-2.2,74.2,25,7,GdnHCl
1AIE,F,328,L,-,-3.5,84.6,25,7,GdnHCl
1AIE,L,330,F,-,-5.2,78.4,25,7,GdnHCl
1AIE,M,340,I,-,0.7,49.9,25,7,GdnHCl
1AIE,F,341,I,-,-6.9,41.6,25,7,GdnHCl
1AIE,L,344,F,-,-6.1,56,25,7,GdnHCl
1AIE,L,344,I,-,-1.2,56,25,7,GdnHCl
1AIE,I,332,V,-,-4.9,26.9,25,7,GdnHCl
1AIE,F,341,L,-,-3.2,41.6,25,7,GdnHCl
1AY7,C,40,A,B,0.1,2.1,25,7,GdnHCl
1AY7,C,82,A,B,-0.6,18.1,25,7,GdnHCl
1AY7,R,75,L,B,0.7,41.2,25,8,Urea
1AY7,R,75,Q,B,-0.35,41.2,25,8,Urea
1AY7,K,78,Q,B,0.35,52,25,8,Urea
1AY7,K,21,A,B,-1.1,19.5,25,8,Urea
1AY7,K,78,A,B,0,52,25,8,Urea
1B26,R,190,A,A,-0.365,0.9,20,7,Urea
1B26,K,193,A,A,0.665,6.9,20,7,Urea
1C2R,K,12,D,A,-1.1,49.1,25,7.5,GdnHCl
1C2R,K,14,E,A,-0.9,38.7,25,7.5,GdnHCl
1C2R,K,32,E,A,0.4,85.3,25,7.5,GdnHCl
1C2R,Y,75,C,A,-3.05,10.7,20,7.5,GdnHCl
1C9O,Q,2,L,A,0.40631,37.4,25,7,GdnHCl
1C9O,R,3,E,A,-0.83652,43.8,25,7,GdnHCl
1C9O,R,3,L,A,0.334608,43.8,25,7,GdnHCl
1C9O,Y,15,F,A,-0.0956023,34.9,25,7,GdnHCl
1C9O,S,24,D,A,0.0956023,81.3,25,7,GdnHCl
1C9O,T,31,S,A,0.0478011,18.6,25,7,GdnHCl
1C9O,E,46,A,A,0.0956023,42.1,25,7,GdnHCl
1C9O,Q,53,E,A,0.0239006,45.7,25,7,GdnHCl
1C9O,V,64,T,A,-0.310707,38.1,25,7,GdnHCl
1C9O,L,66,E,A,-0.83652,67.8,25,7,GdnHCl
1C9O,E,50,W,A,0.3,28.1,25,7,GdnHCl
1CQM,V,6,A,_,-1.45,0,25,8,GdnHCl
1CQM,I,8,A,_,-2.9,0,25,8,GdnHCl
1CQM,E,22,Q,_,-0.025,1.6,25,8,GdnHCl
1CQM,I,26,A,_,-2.975,1.1,25,8,GdnHCl
1CQM,Y,33,A,_,1.65,26,25,8,GdnHCl
1CQM,A,35,G,_,-0.5,6.2,25,8,GdnHCl
1CQM,V,37,A,_,-2.1375,42.8,25,8,GdnHCl
1CQM,L,48,A,_,0.25,6.9,25,8,GdnHCl
1CQM,I,52,A,_,0.275,18.7,25,8,GdnHCl
1CQM,L,75,A,_,-0.75,0,25,8,GdnHCl
1CQM,V,85,A,_,-2.25,9.9,25,8,GdnHCl
1CQM,V,88,A,_,-1.15,4.9,25,8,GdnHCl
1CYC,K,73,M,-,-1,82.1,25,7.5,GdnHCl
1CYC,K,73,Y,-,-1.05,82.1,25,7.5,GdnHCl
1CYC,K,73,F,-,-1.15,82.1,25,7.5,GdnHCl
1CYC,K,73,W,-,-1.43,82.1,25,7.5,GdnHCl
1CYO,S,71,L,_,0.8,17,25,7,GdnHCl
1DIV,H,134,Q,_,-1.855,20.7,25,8,Urea
1DIV,H,144,Q,_,-0.965,21.8,25,8,Urea
1.00E+65,H,117,G,A,-9.9,1,20,7,GdnHCl
1.00E+65,H,46,G,A,-10.9,0.1,20,7,GdnHCl
1.00E+65,V,5,A,A,-0.956023,20.1,25,7,GdnHCl
1.00E+65,V,31,A,A,-1.67304,0,25,7,GdnHCl
1.00E+65,L,33,A,A,-1.67304,0,25,7,GdnHCl
1.00E+65,W,48,A,A,-3.34608,0,25,7,GdnHCl
1.00E+65,L,50,A,A,-1.79254,0,25,7,GdnHCl
1.00E+65,V,95,A,A,-0.956023,16.4,25,7,GdnHCl
1.00E+65,F,97,A,A,-2.62906,5.3,25,7,GdnHCl
1.00E+65,Y,108,A,A,-3.58509,0.7,25,7,GdnHCl
1.00E+65,F,110,A,A,-5.01912,0,25,7,GdnHCl
1.00E+65,M,121,A,A,-2.86807,0.3,25,7,GdnHCl
1.00E+65,I,7,S,A,-3.3,0.3,20,7.2,GdnHCl
1.00E+65,F,110,S,A,-4.15,0,20,7.2,GdnHCl
1.00E+65,I,7,A,A,-3.22658,0.3,25,7,GdnHCl
1.00E+65,I,20,A,A,-1.76267,4.3,25,7,GdnHCl
1.00E+65,V,22,A,A,-1.49378,0,25,7,GdnHCl
1.00E+65,V,60,G,A,-3.10707,9.9,25,7,GdnHCl
1.00E+65,L,125,A,A,-1.19503,0,25,7,GdnHCl
1.00E+65,I,20,V,A,-0.382409,4.3,25,7,GdnHCl
1.00E+65,I,20,T,A,-2.03155,4.3,25,7,GdnHCl
1.00E+65,V,22,T,A,-0.956023,0,25,7,GdnHCl
1.00E+65,V,31,T,A,-1.07553,0,25,7,GdnHCl
1.00E+65,L,50,V,A,-0.268882,0,25,7,GdnHCl
1.00E+65,L,50,T,A,-2.19885,0,25,7,GdnHCl
1.00E+65,I,81,V,A,-0.19718,20.8,25,7,GdnHCl
1.00E+65,I,81,T,A,-2.50956,20.8,25,7,GdnHCl
1.00E+65,V,95,T,A,0.956023,16.4,25,7,GdnHCl
1.00E+65,C,112,S,A,1.83,0,20,7.5,GdnHCl
1EGP,V,14,A,_,-1.038,41.6,25,7,GdnHCl
1EGP,V,18,A,_,-1.203,9,25,7,GdnHCl
1EGP,L,27,A,_,-0.161,72.1,25,7,GdnHCl
1EY0,M,26,I,-,-0.9,34.5,20,7,GdnHCl
1EY0,M,65,I,-,-1.5,18.1,20,7,GdnHCl
1EY0,M,98,I,-,-4.4,11.2,20,7,GdnHCl
1EY0,M,26,L,-,-0.5,34.5,20,7,GdnHCl
1EY0,M,65,L,-,-0.8,18.1,20,7,GdnHCl
1EY0,V,23,I,-,-0.2,0.5,20,7,GdnHCl
1EY0,V,23,L,-,-0.1,0.5,20,7,GdnHCl
1EY0,V,39,I,-,0.1,0.1,20,7,GdnHCl
1EY0,V,39,L,-,-0.9,0.1,20,7,GdnHCl
1EY0,V,51,I,-,0.1,67.3,20,7,GdnHCl
1EY0,V,51,L,-,-0.2,67.3,20,7,GdnHCl
1EY0,V,66,I,-,-1,1.8,20,7,GdnHCl
1EY0,V,74,I,-,-1.8,0,20,7,GdnHCl
1EY0,V,74,L,-,-1.2,0,20,7,GdnHCl
1EY0,V,99,I,-,-0.2,0.2,20,7,GdnHCl
1EY0,V,99,L,-,-0.3,0.2,20,7,GdnHCl
1EY0,V,104,I,-,0.2,0,20,7,GdnHCl
1EY0,V,104,L,-,-0.8,0,20,7,GdnHCl
1EY0,V,111,I,-,-0.7,9,20,7,GdnHCl
1EY0,V,111,L,-,-0.9,9,20,7,GdnHCl
1EY0,V,114,I,-,-0.1,26.5,20,7,GdnHCl
1EY0,V,114,L,-,-1.1,26.5,20,7,GdnHCl
1EY0,I,15,L,-,-0.6,41.6,20,7,GdnHCl
1EY0,I,15,M,-,-0.3,41.6,20,7,GdnHCl
1EY0,I,18,L,-,-0.2,27.6,20,7,GdnHCl
1EY0,I,72,L,-,-0.2,8.7,20,7,GdnHCl
1EY0,I,72,M,-,-1.8,8.7,20,7,GdnHCl
1EY0,I,92,L,-,-0.6,0.3,20,7,GdnHCl
1EY0,I,92,M,-,-1.6,0.3,20,7,GdnHCl
1EY0,I,139,L,-,-0.1,27.2,20,7,GdnHCl
1EY0,I,139,M,-,-0.4,27.2,20,7,GdnHCl
1EY0,L,7,I,-,-0.9,29.1,20,7,GdnHCl
1EY0,L,7,V,-,-1.4,29.1,20,7,GdnHCl
1EY0,L,14,I,-,-1.5,23.3,20,7,GdnHCl
1EY0,L,14,V,-,-1.5,23.3,20,7,GdnHCl
1EY0,L,25,I,-,-1.7,0,20,7,GdnHCl
1EY0,L,25,V,-,-1.8,0,20,7,GdnHCl
1EY0,L,36,I,-,-3.1,0.4,20,7,GdnHCl
1EY0,L,36,V,-,-3.5,0.4,20,7,GdnHCl
1EY0,L,37,I,-,-2,7.6,20,7,GdnHCl
1EY0,L,37,V,-,-3,7.6,20,7,GdnHCl
1EY0,L,38,I,-,-2.1,6.3,20,7,GdnHCl
1EY0,L,38,V,-,-0.2,6.3,20,7,GdnHCl
1EY0,L,89,I,-,-1.1,15.9,20,7,GdnHCl
1EY0,L,89,V,-,-1.4,15.9,20,7,GdnHCl
1EY0,L,103,I,-,-1.1,0,20,7,GdnHCl
1EY0,L,103,V,-,-2,0,20,7,GdnHCl
1EY0,L,108,I,-,-3.4,6.1,20,7,GdnHCl
1EY0,L,108,V,-,-3.9,6.1,20,7,GdnHCl
1EY0,L,125,I,-,-1,0,20,7,GdnHCl
1EY0,L,125,V,-,-2.3,0,20,7,GdnHCl
1EY0,L,137,I,-,-0.8,29.2,20,7,GdnHCl
1EY0,L,137,V,-,-1.4,29.2,20,7,GdnHCl
1EY0,T,13,I,-,-0.1,63.2,20,7,GdnHCl
1EY0,T,22,I,-,-0.7,6.9,20,7,GdnHCl
1EY0,T,33,I,-,0.6,24.9,20,7,GdnHCl
1EY0,T,41,I,-,0.7,7.4,20,7,GdnHCl
1EY0,T,44,I,-,-0.6,26.9,20,7,GdnHCl
1EY0,T,62,I,-,-1.7,0.1,20,7,GdnHCl
1EY0,T,82,I,-,0.5,52.8,20,7,GdnHCl
1EY0,T,120,I,-,-1.7,41.2,20,7,GdnHCl
1EY0,V,66,M,-,-0.2,1.8,20,7,GdnHCl
1EY0,D,40,A,-,0.2,43.7,20,7,GdnHCl
1EY0,D,40,G,-,-0.5,43.7,20,7,GdnHCl
1EY0,D,83,A,-,-3.8,26.4,20,7,GdnHCl
1EY0,D,83,G,-,-2.7,26.4,20,7,GdnHCl
1EY0,E,10,A,-,-1.3,15.5,20,7,GdnHCl
1EY0,E,10,G,-,-1.8,15.5,20,7,GdnHCl
1EY0,E,43,A,-,0.3,22.1,20,7,GdnHCl
1EY0,E,43,G,-,0.5,22.1,20,7,GdnHCl
1EY0,E,57,A,-,-0.2,53,20,7,GdnHCl
1EY0,E,57,G,-,-1.6,53,20,7,GdnHCl
1EY0,E,67,A,-,-1,53.6,20,7,GdnHCl
1EY0,E,10,K,-,-2.2,15.5,20,7,GdnHCl
1EY0,E,10,Q,-,-1.3,15.5,20,7,GdnHCl
1EY0,D,19,K,-,-0.3,4.3,20,7,GdnHCl
1EY0,E,67,G,-,-0.9,53.6,20,7,GdnHCl
1EY0,D,19,N,-,-0.2,4.3,20,7,GdnHCl
1EY0,D,21,K,-,1,5.1,20,7,GdnHCl
1EY0,D,21,N,-,1.4,5.1,20,7,GdnHCl
1EY0,K,28,E,-,-0.8,81.4,20,7,GdnHCl
1EY0,K,28,Q,-,-0.3,81.4,20,7,GdnHCl
1EY0,K,48,Q,-,-0.1,90.4,20,7,GdnHCl
1EY0,E,57,K,-,-0.1,53,20,7,GdnHCl
1EY0,E,57,Q,-,-0.2,53,20,7,GdnHCl
1EY0,K,63,E,-,-1.5,44.7,20,7,GdnHCl
1EY0,E,73,A,-,-1.2,28.1,20,7,GdnHCl
1EY0,K,63,Q,-,-1,44.7,20,7,GdnHCl
1EY0,K,64,E,-,-1.6,65.1,20,7,GdnHCl
1EY0,E,67,Q,-,-0.5,53.6,20,7,GdnHCl
1EY0,K,70,E,-,-0.4,88.5,20,7,GdnHCl
1EY0,K,70,Q,-,-0.3,88.5,20,7,GdnHCl
1EY0,E,73,K,-,-2.1,28.1,20,7,GdnHCl
1EY0,E,73,Q,-,-0.7,28.1,20,7,GdnHCl
1EY0,E,75,K,-,-2.3,5,20,7,GdnHCl
1EY0,E,75,Q,-,-0.7,5,20,7,GdnHCl
1EY0,E,73,G,-,-2.7,28.1,20,7,GdnHCl
1EY0,D,77,K,-,-3.5,5,20,7,GdnHCl
1EY0,D,77,N,-,-2.9,5,20,7,GdnHCl
1EY0,K,78,E,-,-0.8,57.2,20,7,GdnHCl
1EY0,K,78,Q,-,-0.1,57.2,20,7,GdnHCl
1EY0,K,84,Q,-,-0.1,86,20,7,GdnHCl
1EY0,K,97,E,-,-0.6,63.6,20,7,GdnHCl
1EY0,K,97,Q,-,-0.4,63.6,20,7,GdnHCl
1EY0,E,122,K,-,-2.7,20.2,20,7,GdnHCl
1EY0,E,122,Q,-,-1.6,20.2,20,7,GdnHCl
1EY0,E,75,A,-,-2.2,5,20,7,GdnHCl
1EY0,H,124,E,-,0.2,51.7,20,7,GdnHCl
1EY0,H,124,Q,-,0.6,51.7,20,7,GdnHCl
1EY0,K,133,Q,-,-0.5,45.4,20,7,GdnHCl
1EY0,E,135,K,-,-1.1,39.5,20,7,GdnHCl
1EY0,E,135,Q,-,-0.7,39.5,20,7,GdnHCl
1EY0,E,75,G,-,-3.5,5,20,7,GdnHCl
1EY0,E,101,A,-,-1.9,20.8,20,7,GdnHCl
1EY0,E,101,G,-,-3.1,20.8,20,7,GdnHCl
1EY0,E,122,A,-,-0.4,20.2,20,7,GdnHCl
1EY0,E,122,G,-,-2.2,20.2,20,7,GdnHCl
1EY0,E,129,A,-,-2.4,12.1,20,7,GdnHCl
1EY0,E,129,G,-,-3.8,12.1,20,7,GdnHCl
1EY0,E,135,A,-,-0.7,39.5,20,7,GdnHCl
1EY0,E,135,G,-,-1.7,39.5,20,7,GdnHCl
1EY0,K,9,A,-,-1.4,45.5,20,7,GdnHCl
1EY0,K,9,G,-,-1.9,45.5,20,7,GdnHCl
1EY0,K,24,A,-,-0.2,37.1,20,7,GdnHCl
1EY0,K,24,G,-,-1.2,37.1,20,7,GdnHCl
1EY0,K,48,A,-,0.1,90.4,20,7,GdnHCl
1EY0,K,48,G,-,0.2,90.4,20,7,GdnHCl
1EY0,K,53,A,-,-0.2,77.1,20,7,GdnHCl
1EY0,K,53,G,-,-0.3,77.1,20,7,GdnHCl
1EY0,K,63,A,-,-0.5,44.7,20,7,GdnHCl
1EY0,K,63,G,-,-1.5,44.7,20,7,GdnHCl
1EY0,K,64,A,-,0.1,65.1,20,7,GdnHCl
1EY0,K,64,G,-,-0.4,65.1,20,7,GdnHCl
1EY0,K,70,A,-,-0.1,88.5,20,7,GdnHCl
1EY0,K,70,G,-,-0.5,88.5,20,7,GdnHCl
1EY0,K,71,A,-,-0.4,66.7,20,7,GdnHCl
1EY0,K,71,G,-,-1.1,66.7,20,7,GdnHCl
1EY0,K,78,A,-,-0.6,57.2,20,7,GdnHCl
1EY0,K,78,G,-,-1.1,57.2,20,7,GdnHCl
1EY0,K,84,A,-,0.2,86,20,7,GdnHCl
1EY0,K,84,G,-,-0.3,86,20,7,GdnHCl
1EY0,K,97,A,-,-0.1,63.6,20,7,GdnHCl
1EY0,K,97,G,-,-1.7,63.6,20,7,GdnHCl
1EY0,K,110,A,-,-1.3,46.3,20,7,GdnHCl
1EY0,K,110,G,-,-2.7,46.3,20,7,GdnHCl
1EY0,K,116,A,-,0.7,81.1,20,7,GdnHCl
1EY0,K,116,G,-,1,81.1,20,7,GdnHCl
1EY0,K,127,A,-,0.2,64.6,20,7,GdnHCl
1EY0,K,127,G,-,-0.7,64.6,20,7,GdnHCl
1EY0,K,133,A,-,-1.4,45.4,20,7,GdnHCl
1EY0,K,133,G,-,-3.3,45.4,20,7,GdnHCl
1EY0,K,134,A,-,0.1,73.6,20,7,GdnHCl
1EY0,K,134,G,-,-0.7,73.6,20,7,GdnHCl
1EY0,H,8,A,-,-0.4,61.9,20,7,GdnHCl
1EY0,H,8,G,-,-0.8,61.9,20,7,GdnHCl
1EY0,H,46,A,-,-0.5,29.2,20,7,GdnHCl
1EY0,H,46,G,-,-0.4,29.2,20,7,GdnHCl
1EY0,H,121,A,-,-3.1,21.1,20,7,GdnHCl
1EY0,H,121,G,-,-4.2,21.1,20,7,GdnHCl
1EY0,H,124,A,-,0.4,51.7,20,7,GdnHCl
1EY0,H,124,G,-,-0.5,51.7,20,7,GdnHCl
1EY0,R,35,A,-,-1.4,16.5,20,7,GdnHCl
1EY0,R,35,G,-,-2.2,16.5,20,7,GdnHCl
1EY0,R,81,A,-,-1.1,50.8,20,7,GdnHCl
1EY0,R,81,G,-,-2.2,50.8,20,7,GdnHCl
1EY0,R,87,A,-,-0.9,25.7,20,7,GdnHCl
1EY0,R,87,G,-,-2.6,25.7,20,7,GdnHCl
1EY0,R,105,A,-,-1.4,31.4,20,7,GdnHCl
1EY0,R,105,G,-,-2.4,31.4,20,7,GdnHCl
1EY0,R,126,A,-,-1.7,42,20,7,GdnHCl
1EY0,R,126,G,-,-2.9,42,20,7,GdnHCl
1EY0,A,12,G,-,-2.4,13.8,20,7,GdnHCl
1EY0,A,12,V,-,-1.1,13.8,20,7,GdnHCl
1EY0,A,17,G,-,-0.3,13.4,20,7,GdnHCl
1EY0,A,17,V,-,-1.9,13.4,20,7,GdnHCl
1EY0,A,58,G,-,-2.6,0,20,7,GdnHCl
1EY0,A,58,V,-,-2.8,0,20,7,GdnHCl
1EY0,A,60,G,-,-1.4,44.7,20,7,GdnHCl
1EY0,A,60,V,-,-2.8,44.7,20,7,GdnHCl
1EY0,A,69,G,-,-2,22,20,7,GdnHCl
1EY0,A,69,V,-,-2.3,22,20,7,GdnHCl
1EY0,A,90,G,-,-2,0,20,7,GdnHCl
1EY0,A,90,V,-,-0.2,0,20,7,GdnHCl
1EY0,A,94,G,-,-2.4,3.1,20,7,GdnHCl
1EY0,A,94,V,-,-1.3,3.1,20,7,GdnHCl
1EY0,A,102,G,-,-1.3,18.7,20,7,GdnHCl
1EY0,A,102,V,-,-1.9,18.7,20,7,GdnHCl
1EY0,A,109,G,-,-1,0.3,20,7,GdnHCl
1EY0,A,109,V,-,-3.1,0.3,20,7,GdnHCl
1EY0,A,112,V,-,-1.5,16.2,20,7,GdnHCl
1EY0,A,130,G,-,-1.1,49,20,7,GdnHCl
1EY0,A,130,V,-,-1.2,49,20,7,GdnHCl
1EY0,A,132,G,-,-3.7,0,20,7,GdnHCl
1EY0,A,132,V,-,-4.8,0,20,7,GdnHCl
1EY0,P,11,G,-,-1,80,20,7,GdnHCl
1EY0,P,11,A,-,-0.4,80,20,7,GdnHCl
1EY0,P,31,G,-,-1.6,48.9,20,7,GdnHCl
1EY0,P,31,A,-,-0.5,48.9,20,7,GdnHCl
1EY0,P,42,G,-,-0.4,11.9,20,7,GdnHCl
1EY0,P,42,A,-,0.1,11.9,20,7,GdnHCl
1EY0,P,47,G,-,-0.1,86.9,20,7,GdnHCl
1EY0,P,47,A,-,-0.6,86.9,20,7,GdnHCl
1EY0,P,56,G,-,-1,49,20,7,GdnHCl
1EY0,P,117,G,-,0.9,41.5,20,7,GdnHCl
1EY0,P,117,A,-,0.8,41.5,20,7,GdnHCl
1EY0,G,20,A,-,-0.3,0,20,7,GdnHCl
1EY0,G,20,V,-,-2.3,0,20,7,GdnHCl
1EY0,G,29,V,-,-3,79.1,20,7,GdnHCl
1EY0,G,50,V,-,-1.1,26.6,20,7,GdnHCl
1EY0,G,55,A,-,-0.6,0.1,20,7,GdnHCl
1EY0,G,55,V,-,-1.8,0.1,20,7,GdnHCl
1EY0,G,79,V,-,-2.4,24,20,7,GdnHCl
1EY0,G,86,V,-,-3.7,60.7,20,7,GdnHCl
1EY0,G,88,A,-,-0.1,0,20,7,GdnHCl
1EY0,G,96,V,-,-3.7,69.1,20,7,GdnHCl
1EY0,N,68,G,-,-0.5,80.6,20,7,GdnHCl
1EY0,N,68,A,-,-0.5,80.6,20,7,GdnHCl
1EY0,N,100,G,-,-5.1,0,20,7,GdnHCl
1EY0,N,100,A,-,-5.2,0,20,7,GdnHCl
1EY0,Q,30,G,-,-0.9,62.4,20,7,GdnHCl
1EY0,Q,30,A,-,-0.3,62.4,20,7,GdnHCl
1EY0,Q,80,G,-,-1.4,67.8,20,7,GdnHCl
1EY0,Q,80,A,-,-0.1,67.8,20,7,GdnHCl
1EY0,Q,106,G,-,-1.5,40.5,20,7,GdnHCl
1EY0,Q,106,A,-,0.1,40.5,20,7,GdnHCl
1EY0,Q,123,G,-,-0.6,68.3,20,7,GdnHCl
1EY0,Q,123,A,-,-0.4,68.3,20,7,GdnHCl
1EY0,Q,131,G,-,-2.4,37.8,20,7,GdnHCl
1EY0,Q,131,A,-,-0.2,37.8,20,7,GdnHCl
1EY0,S,59,G,-,-1.1,19.4,20,7,GdnHCl
1EY0,S,59,A,-,0.4,19.4,20,7,GdnHCl
1EY0,S,128,G,-,-1.6,6.9,20,7,GdnHCl
1EY0,S,128,A,-,0.7,6.9,20,7,GdnHCl
1EY0,S,141,G,-,-0.9,87.7,20,7,GdnHCl
1EY0,S,141,A,-,-0.4,87.7,20,7,GdnHCl
1EY0,T,13,G,-,-1.1,63.2,20,7,GdnHCl
1EY0,T,13,A,-,-0.7,63.2,20,7,GdnHCl
1EY0,T,22,G,-,-2.4,6.9,20,7,GdnHCl
1EY0,T,22,A,-,-1.6,6.9,20,7,GdnHCl
1EY0,T,33,G,-,-2.5,24.9,20,7,GdnHCl
1EY0,T,33,A,-,-1.4,24.9,20,7,GdnHCl
1EY0,T,41,G,-,-2,7.4,20,7,GdnHCl
1EY0,T,44,G,-,-0.6,26.9,20,7,GdnHCl
1EY0,T,44,A,-,-0.4,26.9,20,7,GdnHCl
1EY0,T,62,G,-,-3.5,0.1,20,7,GdnHCl
1EY0,T,62,A,-,-2.4,0.1,20,7,GdnHCl
1EY0,T,82,G,-,-2,52.8,20,7,GdnHCl
1EY0,T,82,A,-,-0.9,52.8,20,7,GdnHCl
1EY0,T,120,G,-,-2.1,41.2,20,7,GdnHCl
1EY0,T,120,A,-,-1.2,41.2,20,7,GdnHCl
1EY0,L,38,E,,-4.6,6.3,20,7.9,GdnHCl
1EY0,A,58,E,,-6.9,0,20,8,GdnHCl
1EY0,A,90,E,,-8.6,0,20,8,GdnHCl
1EY0,Y,27,C,-,-2.9,7.3,20,7,GdnHCl
1EY0,Y,27,D,-,-5.4,7.3,20,7,GdnHCl
1EY0,Y,27,E,-,-5,7.3,20,7,GdnHCl
1EY0,Y,27,H,-,-1.6,7.3,20,7,GdnHCl
1EY0,Y,27,I,-,-2.5,7.3,20,7,GdnHCl
1EY0,Y,27,K,-,-3.9,7.3,20,7,GdnHCl
1EY0,Y,27,L,-,-1.5,7.3,20,7,GdnHCl
1EY0,Y,27,M,-,-2,7.3,20,7,GdnHCl
1EY0,Y,27,N,-,-4,7.3,20,7,GdnHCl
1EY0,Y,27,P,-,-6.1,7.3,20,7,GdnHCl
1EY0,Y,27,Q,-,-3.2,7.3,20,7,GdnHCl
1EY0,Y,27,R,-,-2.9,7.3,20,7,GdnHCl
1EY0,Y,27,S,-,-3,7.3,20,7,GdnHCl
1EY0,Y,27,T,-,-3.3,7.3,20,7,GdnHCl
1EY0,Y,27,V,-,-3,7.3,20,7,GdnHCl
1EY0,Y,27,W,-,-0.6,7.3,20,7,GdnHCl
1EY0,V,23,F,-,-2.3,0.5,20,7,GdnHCl
1EY0,E,75,V,-,-2.31,5,20,7,GdnHCl
1EY0,G,79,D,-,-2.28,24,20,7,GdnHCl
1EY0,P,117,L,-,0.2,41.5,20,7,GdnHCl
1EY0,N,118,D,-,-2.4,7.5,20,7,GdnHCl
1EY0,K,9,F,-,-1.2,45.5,20,7,GdnHCl
1EY0,P,11,F,-,-0.6,80,20,7,GdnHCl
1EY0,K,16,F,-,-0.5,61.4,20,7,GdnHCl
1EY0,D,19,F,-,-1.5,4.3,20,7,GdnHCl
1EY0,K,24,F,-,-0.6,37.1,20,7,GdnHCl
1EY0,K,28,F,-,-0.9,81.4,20,7,GdnHCl
1EY0,P,47,F,-,-0.3,86.9,20,7,GdnHCl
1EY0,K,48,F,-,-0.5,90.4,20,7,GdnHCl
1EY0,E,52,F,-,-0.7,31.6,20,7,GdnHCl
1EY0,A,60,F,-,-0.8,44.7,20,7,GdnHCl
1EY0,K,63,F,-,-2,44.7,20,7,GdnHCl
1EY0,K,64,F,-,-0.3,65.1,20,7,GdnHCl
1EY0,M,65,F,-,-1.6,18.1,20,7,GdnHCl
1EY0,E,67,F,-,-1.4,53.6,20,7,GdnHCl
1EY0,K,70,F,-,-0.2,88.5,20,7,GdnHCl
1EY0,E,73,F,-,-1.1,28.1,20,7,GdnHCl
1EY0,Q,80,F,-,-0.7,67.8,20,7,GdnHCl
1EY0,D,83,F,-,-5.2,26.4,20,7,GdnHCl
1EY0,K,84,F,-,-0.9,86,20,7,GdnHCl
1EY0,Y,85,F,-,-0.2,73.3,20,7,GdnHCl
1EY0,G,86,F,-,-2,60.7,20,7,GdnHCl
1EY0,D,95,F,-,-5.3,39.4,20,7,GdnHCl
1EY0,G,96,F,-,-3,69.1,20,7,GdnHCl
1EY0,K,97,F,-,-0.7,63.6,20,7,GdnHCl
1EY0,E,101,F,-,-3.1,20.8,20,7,GdnHCl
1EY0,A,102,F,-,-1.9,18.7,20,7,GdnHCl
1EY0,K,116,F,-,-0.1,81.1,20,7,GdnHCl
1EY0,P,117,F,-,0.3,41.5,20,7,GdnHCl
1EY0,E,122,F,-,-0.8,20.2,20,7,GdnHCl
1EY0,Q,123,F,-,-0.7,68.3,20,7,GdnHCl
1EY0,H,124,F,-,0.3,51.7,20,7,GdnHCl
1EY0,K,127,F,-,-0.3,64.6,20,7,GdnHCl
1EY0,S,128,F,-,-1,6.9,20,7,GdnHCl
1EY0,E,129,F,-,-4,12.1,20,7,GdnHCl
1EY0,Q,131,F,-,-0.7,37.8,20,7,GdnHCl
1EY0,K,133,F,-,-1.4,45.4,20,7,GdnHCl
1EY0,E,135,F,-,-1.2,39.5,20,7,GdnHCl
1EY0,K,136,F,-,-1.2,69.4,20,7,GdnHCl
1EY0,L,7,A,-,-1.6,29.1,20,7,GdnHCl
1EY0,L,7,G,-,-1.5,29.1,20,7,GdnHCl
1EY0,L,14,A,-,-2.3,23.3,20,7,GdnHCl
1EY0,L,14,G,-,-3.7,23.3,20,7,GdnHCl
1EY0,L,25,A,-,-2.7,0,20,7,GdnHCl
1EY0,E,43,D,-,0.2,22.1,20,7,GdnHCl
1EY0,L,25,G,-,-4.5,0,20,7,GdnHCl
1EY0,L,36,A,-,-3.5,0.4,20,7,GdnHCl
1EY0,L,36,G,-,-5.3,0.4,20,7,GdnHCl
1EY0,L,37,A,-,-1.7,7.6,20,7,GdnHCl
1EY0,L,37,G,-,-3.8,7.6,20,7,GdnHCl
1EY0,L,89,A,-,-2.6,15.9,20,7,GdnHCl
1EY0,L,89,G,-,-3.2,15.9,20,7,GdnHCl
1EY0,L,103,A,-,-4.6,0,20,7,GdnHCl
1EY0,L,103,G,-,-6.6,0,20,7,GdnHCl
1EY0,L,108,A,-,-5.8,6.1,20,7,GdnHCl
1EY0,L,108,G,-,-7.2,6.1,20,7,GdnHCl
1EY0,L,125,A,-,-4.9,0,20,7,GdnHCl
1EY0,L,125,G,-,-7,0,20,7,GdnHCl
1EY0,L,137,A,-,-2.3,29.2,20,7,GdnHCl
1EY0,L,137,G,-,-4.6,29.2,20,7,GdnHCl
1EY0,V,23,A,-,-2.9,0.5,20,7,GdnHCl
1EY0,V,23,G,-,-5.6,0.5,20,7,GdnHCl
1EY0,V,39,A,-,-2.2,0.1,20,7,GdnHCl
1EY0,V,39,G,-,-4.7,0.1,20,7,GdnHCl
1EY0,V,66,A,-,-2.2,1.8,20,7,GdnHCl
1EY0,V,66,G,-,-4.4,1.8,20,7,GdnHCl
1EY0,V,74,A,-,-3.1,0,20,7,GdnHCl
1EY0,V,74,G,-,-6.6,0,20,7,GdnHCl
1EY0,V,99,A,-,-3.2,0.2,20,7,GdnHCl
1EY0,V,99,G,-,-5,0.2,20,7,GdnHCl
1EY0,V,104,A,-,-2.9,0,20,7,GdnHCl
1EY0,V,104,G,-,-6.5,0,20,7,GdnHCl
1EY0,V,111,G,-,-4.9,9,20,7,GdnHCl
1EY0,V,114,G,-,-0.2,26.5,20,7,GdnHCl
1EY0,I,15,V,-,-0.8,41.6,20,7,GdnHCl
1EY0,I,18,V,-,-1.1,27.6,20,7,GdnHCl
1EY0,I,18,A,-,-2.5,27.6,20,7,GdnHCl
1EY0,I,18,G,-,-2.5,27.6,20,7,GdnHCl
1EY0,I,72,V,-,-1.8,8.7,20,7,GdnHCl
1EY0,I,72,A,-,-5.1,8.7,20,7,GdnHCl
1EY0,I,72,G,-,-6.5,8.7,20,7,GdnHCl
1EY0,I,92,A,-,-4,0.3,20,7,GdnHCl
1EY0,I,92,G,-,-6.6,0.3,20,7,GdnHCl
1EY0,I,139,V,-,-1.5,27.2,20,7,GdnHCl
1EY0,I,139,A,-,-3.5,27.2,20,7,GdnHCl
1EY0,I,139,G,-,-4.4,27.2,20,7,GdnHCl
1EY0,M,26,A,-,-1.5,34.5,20,7,GdnHCl
1EY0,M,26,G,-,-2.2,34.5,20,7,GdnHCl
1EY0,M,32,A,-,-1.7,23.3,20,7,GdnHCl
1EY0,M,32,G,-,-2.4,23.3,20,7,GdnHCl
1EY0,M,65,A,-,-2,18.1,20,7,GdnHCl
1EY0,M,65,G,-,-4.6,18.1,20,7,GdnHCl
1EY0,M,98,A,-,-4.6,11.2,20,7,GdnHCl
1EY0,M,98,G,-,-4.5,11.2,20,7,GdnHCl
1EY0,Y,85,A,-,-0.4,73.3,20,7,GdnHCl
1EY0,Y,85,G,-,-1,73.3,20,7,GdnHCl
1EY0,Y,91,A,-,-5.3,0,20,7,GdnHCl
1EY0,Y,91,G,-,-6.7,0,20,7,GdnHCl
1EY0,Y,93,A,-,-6.5,7.6,20,7,GdnHCl
1EY0,Y,93,G,-,-7.5,7.6,20,7,GdnHCl
1EY0,Y,115,A,-,-0.3,78.1,20,7,GdnHCl
1EY0,Y,115,G,-,-0.7,78.1,20,7,GdnHCl
1EY0,F,34,A,-,-3.7,0,20,7,GdnHCl
1EY0,F,34,G,-,-6.2,0,20,7,GdnHCl
1EY0,F,61,A,-,-2.3,28.2,20,7,GdnHCl
1EY0,F,61,G,-,-4.8,28.2,20,7,GdnHCl
1EY0,F,76,A,-,-4,6.5,20,7,GdnHCl
1EY0,F,76,G,-,-4.7,6.5,20,7,GdnHCl
1EY0,M,32,L,-,-0.8,23.3,20,7,GdnHCl
1EY0,M,32,I,-,-0.6,23.3,20,7,GdnHCl
1EY0,Y,113,A,-,0.1,89.5,20,7,GdnHCl
1EY0,G,29,C,-,-1.1,79.1,20,7,GdnHCl
1EY0,G,50,C,-,-0.8,26.6,20,7,GdnHCl
1EY0,E,57,C,-,-0.7,53,20,7,GdnHCl
1EY0,A,60,C,-,-1.2,44.7,20,7,GdnHCl
1EY0,K,70,C,-,-0.5,88.5,20,7,GdnHCl
1EY0,K,78,C,-,-0.4,57.2,20,7,GdnHCl
1EY0,R,105,C,-,-2.7,31.4,20,7,GdnHCl
1EY0,A,112,C,-,-0.8,16.2,20,7,GdnHCl
1EY0,K,134,C,-,-0.7,73.6,20,7,GdnHCl
1EY0,K,78,F,-,0.1,57.2,20,7,GdnHCl
1EY0,V,66,L,-,0.00625,1.8,20,7,GdnHCl
1EY0,I,18,M,-,-0.65,27.6,20,7,GdnHCl
1EY0,I,92,V,-,-0.45,0.3,20,7,GdnHCl
1EY0,D,19,A,-,-0.1,4.3,20,7,GdnHCl
1EY0,D,19,G,-,-0.4,4.3,20,7,GdnHCl
1EY0,D,21,A,-,0.7,5.1,20,7,GdnHCl
1EY0,D,21,G,-,0.3,5.1,20,7,GdnHCl
1EY0,D,77,A,-,-3.1,5,20,7,GdnHCl
1EY0,D,77,G,-,-2.2,5,20,7,GdnHCl
1EY0,D,95,A,-,-3.3,39.4,20,7,GdnHCl
1EY0,D,95,G,-,-2.7,39.4,20,7,GdnHCl
1EY0,E,52,A,-,-0.1,31.6,20,7,GdnHCl
1EY0,E,52,G,-,-0.4,31.6,20,7,GdnHCl
1EY0,K,16,A,-,-0.2,61.4,20,7,GdnHCl
1EY0,K,16,G,-,-0.7,61.4,20,7,GdnHCl
1EY0,K,28,A,-,-0.7,81.4,20,7,GdnHCl
1EY0,K,28,G,-,-0.7,81.4,20,7,GdnHCl
1EY0,K,45,A,-,0.3,65.2,20,7,GdnHCl
1EY0,K,45,G,-,0.2,65.2,20,7,GdnHCl
1EY0,K,49,A,-,-0.3,81.2,20,7,GdnHCl
1EY0,K,49,G,-,-0.2,81.2,20,7,GdnHCl
1EY0,K,136,A,-,-0.8,69.4,20,7,GdnHCl
1EY0,K,136,G,-,-0.05,69.4,20,7,GdnHCl
1EY0,G,29,A,-,-1.25,79.1,20,7,GdnHCl
1EY0,G,50,A,-,0.25,26.6,20,7,GdnHCl
1EY0,G,79,A,-,-2.35,24,20,7,GdnHCl
1EY0,G,86,A,-,-0.55,60.7,20,7,GdnHCl
1EY0,G,88,V,-,-0.93125,0,20,7,GdnHCl
1EY0,G,96,A,-,-1.75,69.1,20,7,GdnHCl
1EY0,G,107,A,-,-4.45,0,20,7,GdnHCl
1EY0,N,118,G,-,-1.85,7.5,20,7,GdnHCl
1EY0,N,118,A,-,-2.05,7.5,20,7,GdnHCl
1EY0,N,119,G,-,-1.25,11.7,20,7,GdnHCl
1EY0,N,119,A,-,-1.25,11.7,20,7,GdnHCl
1EY0,N,138,G,-,0.15,32.9,20,7,GdnHCl
1EY0,N,138,A,-,-1.05,32.9,20,7,GdnHCl
1EY0,A,69,T,-,-2.6825,22,20,7,GdnHCl
1EY0,G,20,E,,-3.9,0,20,6,GdnHCl
1EY0,L,37,E,,-3.15,7.6,20,6,GdnHCl
1EY0,G,79,S,-,-2.765,24,20,7,GdnHCl
1EY0,T,33,S,-,-1.225,24.9,20,7,GdnHCl
1EY0,A,90,S,-,-2.025,0,20,7,GdnHCl
1EY0,V,66,W,-,-3.185,1.8,20,7,GdnHCl
1EY0,K,70,W,-,-0.495,88.5,20,7,GdnHCl
1EY0,G,88,W,-,-0.955,0,20,7,GdnHCl
1EY0,G,29,F,-,-1.25,79.1,20,7,GdnHCl
1EY0,G,50,F,-,-0.6,26.6,20,7,GdnHCl
1EY0,E,57,F,-,-0.8,53,20,7,GdnHCl
1EY0,R,105,F,-,-3.1,31.4,20,7,GdnHCl
1EY0,A,112,F,-,-1.45,16.2,20,7,GdnHCl
1EY0,Y,115,F,-,-0.1,78.1,20,7,GdnHCl
1EY0,K,134,F,-,-0.4,73.6,20,7,GdnHCl
1EY0,L,38,A,-,-1.65,6.3,20,7,GdnHCl
1EY0,L,38,G,-,-0.55,6.3,20,7,GdnHCl
1EY0,V,51,A,-,-0.25,67.3,20,7,GdnHCl
1EY0,V,51,G,-,-0.35,67.3,20,7,GdnHCl
1EY0,V,111,A,-,-4.45,9,20,7,GdnHCl
1EY0,I,15,A,-,-2.65,41.6,20,7,GdnHCl
1EY0,I,15,G,-,-3.3,41.6,20,7,GdnHCl
1EY0,Y,54,A,-,-2.15,20.3,20,7,GdnHCl
1EY0,Y,54,G,-,-1.85,20.3,20,7,GdnHCl
1EY0,V,23,T,-,-3.2,0.5,20,7,GdnHCl
1EY0,V,39,T,-,-1.3,0.1,20,7,GdnHCl
1EY0,V,51,T,-,0.2,67.3,20,7,GdnHCl
1EY0,V,66,T,-,-1.3,1.8,20,7,GdnHCl
1EY0,V,74,T,-,-3.8,0,20,7,GdnHCl
1EY0,V,99,T,-,-3.3,0.2,20,7,GdnHCl
1EY0,Y,113,G,-,-0.25,89.5,20,7,GdnHCl
1EY0,V,104,T,-,-2.5,0,20,7,GdnHCl
1EY0,V,111,T,-,-2.3,9,20,7,GdnHCl
1EY0,V,114,T,-,-0.3,26.5,20,7,GdnHCl
1EY0,V,23,S,-,-4.7,0.5,20,7,GdnHCl
1EY0,V,39,S,-,-2.4,0.1,20,7,GdnHCl
1EY0,V,51,S,-,-0.1,67.3,20,7,GdnHCl
1EY0,V,66,S,-,-3.1,1.8,20,7,GdnHCl
1EY0,V,74,S,-,-5.4,0,20,7,GdnHCl
1EY0,V,99,S,-,-5.1,0.2,20,7,GdnHCl
1EY0,V,104,S,-,-4.9,0,20,7,GdnHCl
1EY0,V,111,S,-,-4.8,9,20,7,GdnHCl
1EY0,Y,27,F,-,-0.6,7.3,20,7,GdnHCl
1EY0,Y,54,F,-,-0.5,20.3,20,7,GdnHCl
1EY0,Y,91,F,-,-2.4,0,20,7,GdnHCl
1EY0,Y,93,F,-,-2,7.6,20,7,GdnHCl
1EY0,Y,54,L,-,-3.4,20.3,20,7,GdnHCl
1EY0,Y,85,L,-,-0.1,73.3,20,7,GdnHCl
1EY0,Y,91,L,-,-3.9,0,20,7,GdnHCl
1EY0,Y,93,L,-,-4.5,7.6,20,7,GdnHCl
1EY0,Y,113,L,-,0.2,89.5,20,7,GdnHCl
1EY0,Y,115,L,-,-0.3,78.1,20,7,GdnHCl
1EY0,T,13,S,-,-0.3,63.2,20,7,GdnHCl
1EY0,T,22,S,-,-0.6,6.9,20,7,GdnHCl
1EY0,T,41,S,-,-1.1,7.4,20,7,GdnHCl
1EY0,T,62,S,-,-2.1,0.1,20,7,GdnHCl
1EY0,T,82,S,-,-0.7,52.8,20,7,GdnHCl
1EY0,T,120,S,-,-0.6,41.2,20,7,GdnHCl
1EY0,T,13,V,-,-0.4,63.2,20,7,GdnHCl
1EY0,T,22,V,-,-0.9,6.9,20,7,GdnHCl
1EY0,T,33,V,-,0.4,24.9,20,7,GdnHCl
1EY0,T,41,V,-,0.8,7.4,20,7,GdnHCl
1EY0,T,44,V,-,0.1,26.9,20,7,GdnHCl
1EY0,T,62,V,-,-0.2,0.1,20,7,GdnHCl
1EY0,T,82,V,-,0.2,52.8,20,7,GdnHCl
1EY0,T,120,V,-,-1.8,41.2,20,7,GdnHCl
1EY0,T,13,C,-,-1.4,63.2,20,7,GdnHCl
1EY0,T,22,C,-,-0.9,6.9,20,7,GdnHCl
1EY0,T,33,C,-,-1.2,24.9,20,7,GdnHCl
1EY0,T,41,C,-,0.6,7.4,20,7,GdnHCl
1EY0,T,44,C,-,-0.2,26.9,20,7,GdnHCl
1EY0,T,62,C,-,-1.1,0.1,20,7,GdnHCl
1EY0,T,82,C,-,-0.1,52.8,20,7,GdnHCl
1EY0,T,120,C,-,-1.7,41.2,20,7,GdnHCl
1FEP,Q,256,C,-,2.28,3.8,25,7,GdnHCl
1FEP,S,254,C,-,5.94,10.4,25,7,GdnHCl
1FEP,G,252,C,-,7.93,8.6,25,7,GdnHCl
1FEP,E,250,C,-,9.79,18.5,25,7,GdnHCl
1FEP,E,248,C,-,6.83,22.2,25,7,GdnHCl
1FEP,S,246,C,-,7.77,11,25,7,GdnHCl
1FEP,L,244,C,-,6.88,65.2,25,7,GdnHCl
1FNF,L,1408,P,_,-0.02,,25,7,GdnHCl
1FTG,E,20,K,_,1.6,42.6,25,7,Urea
1FTG,E,40,K,_,2.21,67.6,25,7,Urea
1FTG,E,61,K,_,0.88,63.2,25,7,Urea
1FTG,D,65,K,_,-0.26,34.4,25,7,Urea
1FTG,E,72,K,_,1.28,46,25,7,Urea
1FTG,D,75,K,_,1,77,25,7,Urea
1FTG,D,126,K,_,1.01,72.6,25,7,Urea
1FTG,D,150,K,_,-0.28,86,25,7,Urea
1FTG,L,6,A,_,-3.53,0,25,7,Urea
1FTG,I,22,V,_,-1.94,0,25,7,Urea
1FTG,V,31,A,_,-2.39,4.1,25,7,Urea
1FTG,D,43,A,_,0.09,28.3,25,7,Urea
1FTG,I,51,V,_,-1.98,0,25,7,Urea
1FTG,I,52,V,_,-1.38,0,25,7,Urea
1FTG,S,71,A,_,-0.65,70.3,25,7,Urea
1FTG,A,84,G,_,-2.17,0,25,7,Urea
1FTG,N,97,A,_,-0.83,19.7,25,7,Urea
1FTG,Q,99,A,_,1.72,0.3,25,7,Urea
1FTG,I,104,V,_,-0.67,25.4,25,7,Urea
1FTG,S,110,A,_,-1.03,37.1,25,7,Urea
1FTG,V,117,A,_,-2.05,10,25,7,Urea
1FTG,T,122,S,_,-0.37,20.3,25,7,Urea
1FTG,V,139,A,_,-1.51,0,25,7,Urea
1FTG,L,143,A,_,-0.14,0,25,7,Urea
1FTG,I,156,V,_,-3.6,1.4,25,7,Urea
1FTG,V,160,A,_,-2.46,0.1,25,7,Urea
1FXA,E,95,K,A,1,86.9,25,7.5,GdnHCl
1FXA,E,94,K,A,-0.4,37.7,25,7.5,GdnHCl
1FXA,E,94,D,A,-1.1,37.7,25,7.5,GdnHCl
1FXA,E,94,Q,A,0.6,37.7,25,7.5,GdnHCl
1FXA,F,65,A,A,-1,42.3,25,7.5,GdnHCl
1FXA,F,65,I,A,-0.9,42.3,25,7.5,GdnHCl
1FXA,F,65,Y,A,-0.5,42.3,25,7.5,GdnHCl
1FXA,F,65,W,A,-0.6,42.3,25,7.5,GdnHCl
1FXA,R,42,A,A,-2.4,37.2,25,7.5,GdnHCl
1FXA,R,42,H,A,-1.4,37.2,25,7.5,GdnHCl
1FXA,T,48,A,A,0.1,24,25,7.5,GdnHCl
1G4I,F,106,A,-,-0.9,5.4,25,8,GdnHCl
1GVP,V,35,A,-,-1.7,6.8,25,7,GdnHCl
1GVP,V,35,C,-,-0.5,6.8,25,7,GdnHCl
1GVP,I,47,A,-,-5.8,1.5,25,7,GdnHCl
1GVP,I,47,C,-,-3.5,1.5,25,7,GdnHCl
1GVP,I,47,V,-,-2,1.5,25,7,GdnHCl
1GVP,I,47,L,-,-0.4,1.5,25,7,GdnHCl
1GVP,I,47,M,-,-1.7,1.5,25,7,GdnHCl
1GVP,I,47,F,-,-1.2,1.5,25,7,GdnHCl
1GVP,V,35,L,-,-1,6.8,25,7,GdnHCl
1GVP,V,35,I,-,-0.6,6.8,25,7,GdnHCl
1GVP,V,35,M,-,-1.1,6.8,25,7,GdnHCl
1GVP,V,35,F,-,-2.7,6.8,25,7,GdnHCl
1H3T,Q,347,A,-,-0.7,27.3,20,7.4,GdnHCl
1H3T,Y,349,A,-,-0.6,6.4,20,7.4,GdnHCl
1H3T,T,350,A,-,-0.3,8,20,7.4,GdnHCl
1H3T,L,351,A,-,-2.1,2,20,7.4,GdnHCl
1H3T,T,366,A,-,-2.8,0.1,20,7.4,GdnHCl
1H3T,L,368,A,-,-3,0.8,20,7.4,GdnHCl
1H3T,K,370,A,-,-2.2,14.7,20,7.4,GdnHCl
1H3T,K,392,A,-,-0.6,34.3,20,7.4,GdnHCl
1H3T,T,394,A,-,-1,1.1,20,7.4,GdnHCl
1H3T,P,395,A,-,-3.8,47.5,20,7.4,GdnHCl
1H3T,V,397,A,-,-1.4,14.2,20,7.4,GdnHCl
1H3T,L,398,A,-,-0.9,57.3,20,7.4,GdnHCl
1H3T,D,399,A,-,-0.9,12.9,20,7.4,GdnHCl
1H3T,F,405,A,-,-3.3,0,20,7.4,GdnHCl
1H3T,Y,407,A,-,-2.5,0,20,7.4,GdnHCl
1H3T,K,409,A,-,-3.9,1.1,20,7.4,GdnHCl
1H7M,D,2,A,A,-0.525813,57.2,25,7.4,GdnHCl
1H7M,E,6,A,A,-0.764818,2.6,25,7.4,GdnHCl
1H7M,R,8,A,A,-0.764818,49.3,25,7.4,GdnHCl
1H7M,K,9,A,A,-0.286807,31.5,25,7.4,GdnHCl
1H7M,D,12,A,A,0.239006,83.6,25,7.4,GdnHCl
1H7M,K,15,A,A,-0.908222,50.2,25,7.4,GdnHCl
1H7M,R,21,A,A,0.0717017,44.7,25,7.4,GdnHCl
1H7M,K,22,A,A,0.43021,58.8,25,7.4,GdnHCl
1H7M,K,28,A,A,-1.19503,45.7,25,7.4,GdnHCl
1H7M,K,33,A,A,0.119503,61,25,7.4,GdnHCl
1H7M,R,39,A,A,-0.0717017,21.7,25,7.4,GdnHCl
1H7M,R,42,A,A,0.334608,61,25,7.4,GdnHCl
1H7M,D,44,A,A,0.0478011,47.1,25,7.4,GdnHCl
1H7M,K,46,A,A,-1.09943,21.5,25,7.4,GdnHCl
1H7M,E,47,A,A,-0.0478011,63.4,25,7.4,GdnHCl
1H7M,D,48,A,A,0.358509,43.5,25,7.4,GdnHCl
1H7M,E,50,A,A,0.573614,44.5,25,7.4,GdnHCl
1H7M,R,54,A,A,-0.262906,78,25,7.4,GdnHCl
1H7M,E,62,A,A,-1.29063,39.9,25,7.4,GdnHCl
1H7M,E,64,A,A,-0.262906,76.3,25,7.4,GdnHCl
1H7M,E,69,A,A,-0.740918,51.3,25,7.4,GdnHCl
1H7M,R,76,A,A,0.191205,13.1,25,7.4,GdnHCl
1H7M,H,78,A,A,-0.501912,61.3,25,7.4,GdnHCl
1H7M,D,87,A,A,-1.36233,47,25,7.4,GdnHCl
1H7M,E,90,A,A,-0.40631,79.4,25,7.4,GdnHCl
1H7M,R,92,A,A,-0.310707,52.2,25,7.4,GdnHCl
1HG7,D,1058,N,_,-0.12,,25,7,GdnHCl
1HG7,R,1023,A,_,-0.7,,25,7,GdnHCl
1HG7,E,1025,A,_,-0.02,,25,7,GdnHCl
1HG7,R,1047,A,_,-0.555,,25,7,GdnHCl
1HG7,D,1036,A,_,0.905,,25,7,GdnHCl
1HG7,R,1039,A,_,-0.69,,25,7,GdnHCl
1HUW,S,71,T,A,-0.72,47.2,20,8,GdnHCl
1HUW,S,71,A,A,-1.26,47.2,20,8,GdnHCl
1HUW,S,71,V,A,-1.32,47.2,20,8,GdnHCl
1HUW,S,71,Q,A,-1.46,47.2,20,8,GdnHCl
1HUW,E,74,D,A,-1.98,41.3,20,8,GdnHCl
1HUW,E,74,Q,A,-1.24,41.3,20,8,GdnHCl
1HUW,E,74,A,A,-1.41,41.3,20,8,GdnHCl
1HUW,E,74,S,A,-1.11,41.3,20,8,GdnHCl
1HUW,E,74,T,A,-1.72,41.3,20,8,GdnHCl
1HUW,E,74,L,A,-1.24,41.3,20,8,GdnHCl
1IDS,G,152,A,-,-4.3,16,23,7.9,GdnHCl
1IFC,G,65,A,-,-1.33,59.5,20,7.4,GdnHCl
1IFC,L,64,A,-,-2.07,14.8,20,7.4,GdnHCl
1IFC,L,64,G,-,-2.63,14.8,20,7.4,GdnHCl
1IFC,I,23,C,-,0.91,14,20,7.2,GdnHCl
1IFC,S,53,C,-,0.58,15,20,7.2,GdnHCl
1IFC,V,60,C,-,0.8,9.8,20,7.2,GdnHCl
1IFC,L,72,C,-,-0.14,13.5,20,7.2,GdnHCl
1IFC,L,89,C,-,-0.6,0.4,20,7.2,GdnHCl
1IFC,A,104,C,-,2.54,3.3,20,7.2,GdnHCl
1IFC,W,6,Y,_,-0.93,2.6,25,7,Urea
1IFC,W,82,Y,_,0.09,5.3,25,7,Urea
1IFC,F,68,A,_,1.38,18.4,25,7,Urea
1IFC,F,93,A,_,-2.42,4.9,25,7,Urea
1IFC,V,60,N,-,-0.755,9.8,25,7,Urea
1IG5,P,20,G,A,-1.19,59.7,25,7.1,Urea
1IG5,Y,13,F,A,-1.19,8.9,25,7.1,Urea
1IG5,E,17,Q,A,0.48,58.9,25,7.1,Urea
1IG5,L,6,V,A,-2.19885,8.5,25,7,Urea
1IG5,F,10,A,A,-4.82792,1.6,25,7,Urea
1IG5,L,23,A,A,-3.72849,0,25,7,Urea
1IG5,L,23,G,A,-4.2782,0,25,7,Urea
1IG5,L,28,A,A,-2.70076,0,25,7,Urea
1IG5,V,61,A,A,-3.77629,0,25,7,Urea
1IG5,V,61,G,A,-4.3499,0,25,7,Urea
1IG5,F,66,W,A,-2.34226,0,25,7,Urea
1IG5,F,66,A,A,-4.97132,0,25,7,Urea
1IG5,V,70,L,A,-1.19503,11,25,7,Urea
1IG5,I,73,V,A,-1.52964,15.8,25,7,Urea
1IHB,F,71,N,A,0.71,16.4,25,7.5,Urea
1IHB,F,92,N,A,-1.08,33.3,25,7.5,Urea
1IHB,F,82,Q,A,-0.46,36.2,25,7.5,Urea
1IHB,F,37,H,A,-1.24,82.2,25,7.5,Urea
1IHB,R,55,V,A,-0.32,26.2,25,7.5,Urea
1IRK,W,1175,F,A,0.6,,24,7,GdnHCl
1ISP,M,134,E,A,0.66,75.6,25,7.2,GdnHCl
1ISP,M,137,P,A,0.98,42.8,25,7.2,GdnHCl
1ISP,S,163,P,A,-0.25,77.6,25,7.2,GdnHCl
1JBE,A,48,G,-,0.2,83.8,25,8,Urea
1JBE,A,74,G,-,-0.3,109.4,25,8,Urea
1JBE,A,77,G,-,-0.3,145.5,25,8,Urea
1JBE,A,80,G,-,0.6,80.8,25,8,Urea
1JBE,A,88,G,-,0.1,65.6,25,8,Urea
1JBE,A,90,G,-,0.5,49,25,8,Urea
1JBE,A,99,G,-,-0.5,55.2,25,8,Urea
1JBE,A,101,G,-,-1,19,25,8,Urea
1JBE,A,113,G,-,-0.8,14.3,25,8,Urea
1JBE,A,114,G,-,-0.5,66.7,25,8,Urea
1JBE,D,12,A,-,2.5,4.1,25,7,Urea
1JBE,D,13,A,-,2.7,42.8,25,7,Urea
1JBE,D,57,A,-,3.3,3.8,25,7,Urea
1JBE,F,14,N,-,2.9,64,25,8,Urea
1LMB,V,36,I,3,1,0,25,7,GdnHCl
1LMB,M,40,A,3,-2,11.8,25,7,GdnHCl
1LMB,P,78,A,3,-1.6,52.4,20,6.6,GdnHCl
1LNI,R,40,E,A,-0.4,76.3,25,7,Urea
1MJC,F,31,L,-,-0.66,36.2,25,7,Urea
1MJC,F,20,L,-,-0.31,29,25,7,Urea
1MJC,F,18,L,-,-1,29.8,25,7,Urea
1MJC,F,31,S,-,-1.03,36.2,25,7,Urea
1MJC,F,20,S,-,-1.16,29,25,7,Urea
1MJC,F,18,S,-,-1.54,29.8,25,7,Urea
1MJC,Y,42,W,-,0.15,40.4,25,7,Urea
1MJC,S,52,W,-,-0.2,7.2,25,7,Urea
1MJC,T,68,W,-,0.7,33.7,25,7,Urea
1ARR,K,24,T,A,-1.2,51.2,25,7.5,GdnHCl
1ARR,L,19,Q,A,-1.8,2.6,25,7.5,GdnHCl
1ARR,V,22,A,_,-3.02,0.3,25,7.5,Urea
1ARR,I,37,V,_,-1.37,0.1,25,7.5,Urea
1ARR,V,41,A,_,-3.71,0,25,7.5,Urea
1ARR,F,45,A,_,-2.7,3.3,25,7.5,Urea
1ARR,P,8,A,A,2.9,23.3,25,7.5,Urea
1ARR,S,35,A,A,0.2,29.6,25,7.5,Urea
1ARR,N,11,A,A,0.5,48,25,7.5,Urea
1ARR,K,6,A,A,0.4,50.2,25,7.5,Urea
1ARR,R,16,A,A,0.2,56,25,7.5,Urea
1ARR,E,27,A,A,0.4,80.9,25,7.5,Urea
1ARR,Q,9,A,A,-0.1,59.1,25,7.5,Urea
1ARR,R,13,A,A,-0.6,56.4,25,7.5,Urea
1ARR,E,17,A,A,-0.5,68.4,25,7.5,Urea
1ARR,E,43,A,A,-0.3,46,25,7.5,Urea
1ARR,M,7,A,A,-0.6,43.9,25,7.5,Urea
1ARR,D,20,A,A,-0.8,51.1,25,7.5,Urea
1ARR,F,10,A,A,-2.7,10,25,7.5,Urea
1ARR,Q,39,A,A,0.1,42,25,7.5,Urea
1ARR,G,52,A,A,0.2,94.1,25,7.5,Urea
1ARR,R,23,A,A,-1.1,54.1,25,7.5,Urea
1ARR,K,24,A,A,-0.6,51.2,25,7.5,Urea
1ARR,E,28,A,A,-0.5,63,25,7.5,Urea
1ARR,I,51,A,A,-1.9,44.7,25,7.5,Urea
1ARR,G,49,A,A,-2,88.4,25,7.5,Urea
1ARR,R,50,A,A,-1.9,30.7,25,7.5,Urea
1ARR,K,47,A,A,-1.8,71.1,25,7.5,Urea
1ARR,P,15,A,A,-1.9,20.5,25,7.5,Urea
1ARR,L,21,A,A,-3.4,18.7,25,7.5,Urea
1ARR,R,31,A,A,-3.4,41.3,25,7.5,Urea
1ARR,W,14,A,A,-4,0.6,25,7.5,Urea
1ARR,R,40,A,A,-4.6,9.9,25,7.5,Urea
1ARR,Q,9,G,A,0.68,59.1,25,7.5,Urea
1ARR,R,13,G,A,0.36,56.4,25,7.5,Urea
1ARR,R,16,G,A,-1.55,56,25,7.5,Urea
1ARR,E,17,G,A,-1.19,68.4,25,7.5,Urea
1ARR,D,20,G,A,-2.79,51.1,25,7.5,Urea
1ARR,R,23,G,A,-2.14,54.1,25,7.5,Urea
1ARR,K,24,G,A,-2.45,51.2,25,7.5,Urea
1ARR,E,27,G,A,-0.75,80.9,25,7.5,Urea
1ARR,E,28,G,A,-1.69,63,25,7.5,Urea
1ARR,N,34,G,A,0.64,33.1,25,7.5,Urea
1ARR,S,35,G,A,-0.46,29.6,25,7.5,Urea
1ARR,Q,39,G,A,-1.22,42,25,7.5,Urea
1ARR,K,46,G,A,-1.6,64,25,7.5,Urea
1ARR,K,47,G,A,-1.16,71.1,25,7.5,Urea
1ARR,E,48,G,A,-2.59,54.8,25,7.5,Urea
1ARR,V,18,A,_,-0.645,8.1,25,7.5,Urea
1ARR,V,25,A,_,-0.18,0.2,25,7.5,Urea
1ARR,S,32,A,_,-3.78,55.6,25,7.5,Urea
1ARR,V,33,A,_,-1.935,15.2,25,7.5,Urea
1OIA,Y,13,F,A,-0.7,19.9,22,7,GdnHCl
1OIA,Y,13,T,A,-1.3,19.9,22,7,GdnHCl
1OIA,Y,31,S,A,-2.3,45.3,22,7,GdnHCl
1OIA,Y,78,D,A,-5.1,4.3,22,7,GdnHCl
1OIA,Y,86,F,A,-2.6,10.2,22,7,GdnHCl
1OIA,Y,86,T,A,-2.9,10.2,22,7,GdnHCl
1OMP,W,10,A,-,-4.3021,11.3,25,7.6,GdnHCl
1OMP,A,276,G,-,-1.88815,0,25,7.6,GdnHCl
1OMP,P,159,A,_,-1,0.8,22,7.1,Urea
1OMP,P,159,S,_,-1.7,0.8,22,7.1,Urea
1OMP,P,48,S,_,-0.3,26.3,22,7.1,Urea
1OMP,I,59,A,,-1.2,0.1,25,8,Urea
1OMP,L,115,A,,-3.1,0.5,25,8,Urea
1OMP,L,147,A,,-3,1.8,25,8,Urea
1OMP,L,192,A,,-3.1,0.2,25,8,Urea
1OMP,L,195,A,,-4.2,1.1,25,8,Urea
1OMP,V,347,A,,-2,2.8,25,8,Urea
1OMP,L,361,A,,-2,0.8,25,8,Urea
1OMP,I,108,A,,-1.65,2.2,25,8,Urea
1OMP,I,161,A,,-2.8,0.8,25,8,Urea
1OMP,I,226,A,,-2.45,1.9,25,8,Urea
1QGV,G,126,D,A,-1.71,71.1,20,7.82,GdnHCl
1QHJ,S,35,A,_,-0.3,78,25,6,SDS
1QHJ,D,36,A,_,-0.9,32.3,25,6,SDS
1QHJ,P,37,A,_,-0.2,68.4,25,6,SDS
1QHJ,D,38,A,_,-0.5,47.2,25,6,SDS
1QHJ,K,40,A,_,-0.3,55.4,25,6,SDS
1QHJ,K,41,A,_,-1.6,48.8,25,6,SDS
1QHJ,F,42,A,_,-1.6,5.1,25,6,SDS
1QHJ,Y,43,A,_,-1.3,8.3,25,6,SDS
1QHJ,I,45,A,_,-1.9,9.1,25,6,SDS
1QHJ,T,46,A,_,-2.2,0.9,25,6,SDS
1QHJ,T,47,A,_,-1,10.2,25,6,SDS
1QHJ,L,48,A,_,-0.1,46.8,25,6,SDS
1QHJ,V,49,A,_,0.7,0.5,25,6,SDS
1QHJ,P,50,A,_,0.1,0,25,6,SDS
1QHJ,I,52,A,_,-1.4,19.4,25,6,SDS
1QHJ,F,54,A,_,-1,35.4,25,6,SDS
1QHJ,T,55,A,_,-0.1,46.5,25,6,SDS
1QHJ,M,56,A,_,1.4,21.5,25,6,SDS
1QHJ,Y,57,A,_,-3.7,0.5,25,6,SDS
1QHJ,L,58,A,_,0.3,33.3,25,6,SDS
1QHJ,S,59,A,_,0.1,12.4,25,6,SDS
1QHJ,M,60,A,_,-0.8,2.7,25,6,SDS
1QHJ,L,61,A,_,0.7,31.5,25,6,SDS
1QHJ,L,62,A,_,0.5,73.3,25,6,SDS
1QLP,A,31,V,A,0.6,5.5,25,6.5,GdnHCl
1QLP,A,31,I,A,0.9,5.5,25,6.5,GdnHCl
1QLP,A,31,L,A,0.9,5.5,25,6.5,GdnHCl
1QLP,A,31,P,A,2.5,5.5,25,6.5,GdnHCl
1QLP,V,55,I,A,-0.2,3.2,25,6.5,GdnHCl
1QLP,V,55,L,A,-0.3,3.2,25,6.5,GdnHCl
1QLP,V,145,I,A,0.2,5.4,25,6.5,GdnHCl
1QLP,V,145,L,A,-0.7,5.4,25,6.5,GdnHCl
1QLP,V,173,I,A,0.5,1.1,25,6.5,GdnHCl
1QLP,V,173,L,A,-0.6,1.1,25,6.5,GdnHCl
1QLP,A,183,V,A,3.8,0.9,25,6.5,GdnHCl
1QLP,A,183,I,A,1.8,0.9,25,6.5,GdnHCl
1QLP,A,183,L,A,1.4,0.9,25,6.5,GdnHCl
1QLP,A,183,F,A,1.5,0.9,25,6.5,GdnHCl
1QLP,A,248,V,A,2.3,0.6,25,6.5,GdnHCl
1QLP,A,248,I,A,2.2,0.6,25,6.5,GdnHCl
1QLP,A,248,F,A,1.8,0.6,25,6.5,GdnHCl
1QLP,A,250,V,A,-0.4,0,25,6.5,GdnHCl
1QLP,A,250,I,A,-0.4,0,25,6.5,GdnHCl
1QLP,A,250,L,A,-1,0,25,6.5,GdnHCl
1QLP,A,284,V,A,0.8,0,25,6.5,GdnHCl
1QLP,V,321,I,A,0.6,0,25,6.5,GdnHCl
1QLP,V,321,L,A,-1.2,0,25,6.5,GdnHCl
1QLP,V,364,I,A,0.4,1.4,25,6.5,GdnHCl
1QLP,V,364,L,A,-0.3,1.4,25,6.5,GdnHCl
1QLP,F,51,C,A,3.01,0,23,6.5,Urea
1QLP,F,51,L,A,2.1,0,25,6.5,Urea
1QLP,T,59,A,A,1,12.6,25,6.5,Urea
1QLP,T,68,A,A,1,5.1,25,6.5,Urea
1QLP,A,70,G,A,1.6,62.3,25,6.5,Urea
1QLP,M,374,I,A,2.3,0.6,25,6.5,Urea
1QLP,S,381,A,A,1,0.2,25,6.5,Urea
1QLP,K,387,R,A,1,0.1,25,6.5,Urea
1QLP,K,331,F,A,-0.875,18.5,25,7.8,Urea
1QLP,K,331,I,A,-0.421,18.5,25,7.8,Urea
1QLP,K,331,V,A,-0.445,18.5,25,7.8,Urea
1QLP,K,331,T,A,0.27,18.5,25,7.8,Urea
1RCF,V,18,I,_,1.03,0,25,7,Urea
1RCF,V,18,L,_,0.6,0,25,7,Urea
1RCF,V,83,I,_,0.13,0.3,25,7,Urea
1RCF,G,87,A,_,-0.13,0,25,7,Urea
1RCF,G,87,V,_,-0.13,0,25,7,Urea
1RCF,G,87,L,_,-0.64,0,25,7,Urea
1RCF,A,101,V,_,-0.32,0,25,7,Urea
1RCF,A,101,L,_,0.08,0,25,7,Urea
1RCF,F,7,L,-,-0.04,0.1,25,6,Urea
1RCF,Y,47,F,-,-0.59,12.4,25,6,Urea
1RCF,H,34,A,-,-0.83,24,25,6,Urea
1RG8,C,83,S,-,-1.31453,0,25,6.6,GdnHCl
1RG8,C,117,S,-,-0.932122,18.7,25,6.6,GdnHCl
1RG8,C,16,S,-,-2.89197,0.1,25,6.6,GdnHCl
1RG8,H,93,G,-,1.31453,55.3,25,6.6,GdnHCl
1RHG,G,26,A,A,3.06,20.4,25,7,GdnHCl
1RHG,G,28,A,A,2.66,2.5,25,7,GdnHCl
1RHG,G,73,A,A,1.44,53.3,25,7,GdnHCl
1RHG,G,81,A,A,-1.68,2.7,25,7,GdnHCl
1RHG,G,87,A,A,-1.86,3.5,25,7,GdnHCl
1RHG,G,149,A,A,2.29,0,25,7,GdnHCl
1RHG,G,150,A,A,2.86,0,25,7,GdnHCl
1RHG,E,33,A,A,1.35,15,25,7,GdnHCl
1RHG,E,46,A,A,-0.25,73.8,25,7,GdnHCl
1RHG,L,50,E,A,1.1,25.6,25,7,GdnHCl
1RN1,P,73,V,A,2.00765,21.1,25,8,GdnHCl
1RN1,V,16,A,A,-2.49,2,25,7,Urea
1RN1,V,16,S,A,-4.66,2,25,7,Urea
1RN1,V,16,T,A,-3.2,2,25,7,Urea
1RN1,V,16,C,A,-5.3,2,25,7,Urea
1RN1,V,78,A,A,-4.08,0,25,7,Urea
1RN1,V,78,S,A,-4.73,0,25,7,Urea
1RN1,V,78,T,A,-4.08,0,25,7,Urea
1RN1,V,78,C,A,-3.67,0,25,7,Urea
1RN1,V,89,S,A,-4.87,0.9,25,7,Urea
1RN1,V,89,T,A,-3.07,0.9,25,7,Urea
1RN1,V,89,C,A,-3.54,0.9,25,7,Urea
1RN1,Q,25,K,A,0.77,49.3,25,7,Urea
1RN1,D,49,A,A,-0.5,20.4,25,7,Urea
1RN1,N,44,D,A,-2,17.4,25,7,Urea
1RN1,N,44,S,A,-1.9,17.4,25,7,Urea
1RN1,N,44,A,A,-2,17.4,25,7,Urea
1RN1,E,58,A,A,-0.77,4.6,25,7,Urea
1RN1,D,76,N,A,-3.35,3,25,7,Urea
1SCE,P,7,A,A,-0.2,23.5,25,7.5,Urea
1SCE,P,20,A,A,-0.3,62.7,25,7.5,Urea
1SCE,P,29,A,A,0.23,87.6,25,7.5,Urea
1SCE,P,44,A,A,-3.04,26.8,25,7.5,Urea
1SCE,P,52,A,A,-2.57,10.5,25,7.5,Urea
1SCE,P,58,A,A,-0.35,100.4,25,7.5,Urea
1SCE,P,90,A,A,1.19,32.3,25,7.5,Urea
1SCE,P,92,A,A,0.07,40.4,25,7.5,Urea
1SCE,P,90,G,A,1.33,32.3,25,7.5,Urea
1SCE,P,92,G,A,0.07,40.4,25,7.5,Urea
1SCE,S,28,A,A,-0.34,8.8,25,7.5,Urea
1SCE,S,28,G,A,0.89,8.8,25,7.5,Urea
1SCE,V,89,A,A,-0.24,54.9,25,7.5,Urea
1SCE,V,89,G,A,0.81,54.9,25,7.5,Urea
1U5P,P,1823,A,_,0.4,,25,7,Urea
1U5P,W,1857,F,_,-2.1,,25,7,Urea
1U5P,F,1774,L,_,-1.3,,25,7,Urea
1U5P,M,1778,A,_,-2.2,,25,7,Urea
1U5P,I,1785,V,_,-1.6,,25,7,Urea
1U5P,V,1792,A,_,-0.2,,25,7,Urea
1U5P,V,1804,A,_,-0.4,,25,7,Urea
1U5P,L,1807,A,_,-0.2,,25,7,Urea
1U5P,H,1811,A,_,-1.4,,25,7,Urea
1U5P,L,1814,A,_,-2.8,,25,7,Urea
1U5P,L,1818,A,_,-3.8,,25,7,Urea
1U5P,H,1821,A,_,-2.3,,25,7,Urea
1U5P,I,1825,V,_,-0.6,,25,7,Urea
1U5P,V,1828,A,_,-2.3,,25,7,Urea
1U5P,L,1835,A,_,-2.4,,25,7,Urea
1U5P,I,1846,V,_,-0.6,,25,7,Urea
1U5P,L,1850,A,_,-2.8,,25,7,Urea
1U5P,F,1853,L,_,0.5,,25,7,Urea
1U5P,F,1853,A,_,-2.8,,25,7,Urea
1U5P,L,1860,A,_,-3.8,,25,7,Urea
1U5P,A,1864,G,_,-2.6,,25,7,Urea
1U5P,H,1772,A,_,0.5,,25,7,Urea
1U5P,H,1772,G,_,-0.5,,25,7,Urea
1U5P,R,1776,A,_,-0.3,,25,7,Urea
1U5P,R,1776,G,_,-1.9,,25,7,Urea
1U5P,D,1779,A,_,-0.2,,25,7,Urea
1U5P,D,1779,G,_,-1.2,,25,7,Urea
1U5P,S,1783,A,_,0.5,,25,7,Urea
1U5P,S,1783,G,_,-0.5,,25,7,Urea
1U5P,E,1787,A,_,0.1,,25,7,Urea
1U5P,E,1787,G,_,-1.1,,25,7,Urea
1U5P,T,1802,A,_,0.3,,25,7,Urea
1U5P,T,1802,G,_,-0.1,,25,7,Urea
1U5P,N,1806,A,_,0.2,,25,7,Urea
1U5P,N,1806,G,_,-0.4,,25,7,Urea
1U5P,K,1809,A,_,0.4,,25,7,Urea
1U5P,K,1809,G,_,-0.5,,25,7,Urea
1U5P,R,1813,A,_,0.3,,25,7,Urea
1U5P,R,1813,G,_,-0.6,,25,7,Urea
1U5P,A,1816,G,_,-1.1,,25,7,Urea
1U5P,A,1820,G,_,-1.1,,25,7,Urea
1U5P,Q,1826,A,_,-0.7,,25,7,Urea
1U5P,Q,1826,G,_,-1.8,,25,7,Urea
1U5P,D,1830,A,_,-0.1,,25,7,Urea
1U5P,D,1830,G,_,-1.3,,25,7,Urea
1U5P,K,1834,A,_,-0.1,,25,7,Urea
1U5P,K,1834,G,_,-1.4,,25,7,Urea
1U5P,Q,1848,G,_,-1.3,,25,7,Urea
1U5P,A,1851,G,_,-1.1,,25,7,Urea
1U5P,D,1855,A,_,0.7,,25,7,Urea
1U5P,D,1855,G,_,-0.3,,25,7,Urea
1U5P,K,1858,A,_,-0.4,,25,7,Urea
1U5P,K,1858,G,_,-1.3,,25,7,Urea
1U5P,Q,1862,A,_,0.4,,25,7,Urea
1U5P,Q,1862,G,_,-0.7,,25,7,Urea
1U5P,A,1866,G,_,-1.8,,25,7,Urea
1U5P,Q,1869,A,_,0.5,,25,7,Urea
1U5P,Q,1869,G,_,-1.3,,25,7,Urea
1U5P,F,1774,A,_,-3.7,,25,7,Urea
1U5P,I,1785,A,_,-3.65,,25,7,Urea
1U5P,I,1825,A,_,-2.8,,25,7,Urea
1U5P,I,1846,A,_,-2,,25,7,Urea
1V7Y,E,49,G,A,-1.7,1.1,25,7,GdnHCl
1V7Y,E,49,A,A,-0.3,1.1,25,7,GdnHCl
1V7Y,E,49,I,A,8,1.1,25,7,GdnHCl
1V7Y,E,49,L,A,6.2,1.1,25,7,GdnHCl
1V7Y,E,49,P,A,-0.6,1.1,25,7,GdnHCl
1V7Y,E,49,Y,A,-0.17,1.1,25,7,GdnHCl
1V7Y,E,49,F,A,2.4,1.1,25,7,GdnHCl
1V7Y,E,49,W,A,1.1,1.1,25,7,GdnHCl
1V7Y,E,49,H,A,1.3,1.1,25,7,GdnHCl
1V7Y,E,49,K,A,-0.9,1.1,25,7,GdnHCl
1V7Y,E,49,N,A,-0.6,1.1,25,7,GdnHCl
1V7Y,E,49,D,A,-0.3,1.1,25,7,GdnHCl
1V7Y,E,49,C,A,2.2,1.1,25,7,GdnHCl
1V7Y,E,49,T,A,-0.62,1.1,25,7,GdnHCl
1V7Y,E,49,Q,A,-2.5,1.1,25,7,GdnHCl
1V7Y,E,49,S,A,-1.4,1.1,25,7,GdnHCl
1V7Y,E,49,M,A,4.5,1.1,25,7,GdnHCl
1V7Y,E,49,V,A,3.2,1.1,25,7,GdnHCl
1V7Y,P,132,G,A,-0.45,52.6,25,7,GdnHCl
1V7Y,P,207,A,A,-0.2075,23.6,25,7,GdnHCl
1V7Y,P,96,A,A,-1.2075,0.9,25,7,GdnHCl
1V7Y,P,132,A,A,-0.42,52.6,25,7,GdnHCl
1V7Y,P,28,A,A,-0.614375,40.1,25,7.8,Urea
1V7Y,P,28,G,A,-0.035,40.1,25,7.8,Urea
1V7Y,L,127,A,A,-0.64,2.8,25,7.8,Urea
1V7Y,L,176,A,A,-2.005,0,25,7.8,Urea
1V7Y,G,211,E,A,2.4,17.5,25,7.8,Urea
1V7Y,G,234,D,A,1.7,24.5,25,7.8,Urea
1V7Y,G,211,S,A,0.2,17.5,25,7.8,Urea
1V7Y,G,211,V,A,0.8,17.5,25,7.8,Urea
1V7Y,G,211,W,A,-1.35,17.5,25,7.8,Urea
1V7Y,F,139,W,A,-0.65,6.3,23,7.8,Urea
1V7Y,F,258,W,A,-1.2,20.3,23,7.8,Urea
1WAA,C,63,S,-,5.42543,0,25,7.3,GdnHCl
1WAA,V,13,A,_,2.37,8.3,25,7.4,GdnHCl
1WAA,I,23,A,_,2.89,0.2,25,7.4,GdnHCl
1WAA,L,41,A,_,2.67,20.2,25,7.4,GdnHCl
1WAA,L,58,A,_,3.61,0,25,7.4,GdnHCl
1WAA,L,60,A,_,5.27,1.4,25,7.4,GdnHCl
1WAA,F,73,L,_,3.06,0.4,25,7.4,GdnHCl
1WAA,V,86,A,_,4.78,4.7,25,7.4,GdnHCl
1WAA,Y,9,P,_,-2.2,77.8,25,7.4,GdnHCl
1WAA,Y,9,G,_,-0.8,77.8,25,7.4,GdnHCl
1WAA,Y,9,F,_,-0.4,77.8,25,7.4,GdnHCl
1WAA,Y,9,S,_,-0.2,77.8,25,7.4,GdnHCl
1XPB,C,77,S,-,-1.68,0,25,7,GdnHCl
1YCC,H,33,Y,_,-0.597514,19.3,25,7,GdnHCl
1YCC,K,73,W,-,-1.43,91.9,25,7.5,GdnHCl
1YCC,P,71,V,-,-1,5.7,20,6,GdnHCl
1YCC,P,71,T,-,-1.7,5.7,20,6,GdnHCl
1YCC,P,71,I,-,-1.7,5.7,20,6,GdnHCl
1YCC,K,73,G,-,-0.74,91.9,25,7.5,GdnHCl
1YCC,K,73,A,-,-0.45,91.9,25,7.5,GdnHCl
1YCC,K,73,L,-,-0.03,91.9,25,7.5,GdnHCl
1YCC,K,73,R,-,-0.03,91.9,25,7.5,GdnHCl
1YCC,G,6,A,-,-3.5,0,22,7,GdnHCl
1YCC,N,52,Q,-,-0.84,11.8,22,7,GdnHCl
1YCC,N,52,S,-,-0.37,11.8,22,7,GdnHCl
1YCC,N,52,H,-,-1.7,11.8,22,7,GdnHCl
1YCC,N,52,T,-,1.9,11.8,22,7,GdnHCl
1YCC,N,52,A,-,2.97,11.8,22,7,GdnHCl
1YCC,N,52,V,-,2.02,11.8,22,7,GdnHCl
1YCC,N,52,M,-,4.04,11.8,22,7,GdnHCl
1YCC,N,52,L,-,4.73,11.8,22,7,GdnHCl
1YCC,N,52,F,-,-0.06,11.8,22,7,GdnHCl
1YCC,H,26,Y,_,-1.95985,33.8,25,7,GdnHCl
1YCC,K,73,V,-,-1.38,91.9,25,7.5,GdnHCl
1YCC,K,73,I,-,-1.19,91.9,25,7.5,GdnHCl
1YCC,N,52,I,-,4.1,11.8,22,7,GdnHCl
1YCC,K,73,H,-,-1.91625,91.9,25,7.5,GdnHCl
1YTC,P,71,T,-,-0.8,6.5,20,7.2,GdnHCl
1YTC,P,76,G,-,-1.2,78.7,20,6,GdnHCl
2BLS,Y,150,F,A,-1,10.6,25,6.8,GdnHCl
2CBE,W,5,F,-,-0.55,15.3,23,7.5,GdnHCl
2CBE,W,16,F,-,-2.5,1.5,23,7.5,GdnHCl
2CI2,L,27,A,I,-1.91,0.8,25,6.3,GdnHCl
2CI2,I,48,V,I,-0.75,22,25,6.3,GdnHCl
2CI2,I,48,A,I,-3.4,22,25,6.3,GdnHCl
2CI2,V,66,A,I,-4.97,0,25,6.3,GdnHCl
2CI2,L,68,A,I,-3.56,0,25,6.3,GdnHCl
2CI2,V,70,A,I,-1.13,8.5,25,6.3,GdnHCl
2CI2,I,76,V,I,-0.08,1.2,25,6.3,GdnHCl
2CI2,I,76,A,I,-4.09,1.2,25,6.3,GdnHCl
2CI2,T,58,D,I,-0.04,73,25,6.3,GdnHCl
2CI2,T,58,A,I,-0.68,73,25,6.3,GdnHCl
2CI2,K,21,A,I,-1.04,41.5,25,6.25,GdnHCl
2CI2,K,21,M,I,-0.73,41.5,25,6.25,GdnHCl
2CI2,P,25,A,I,3.4,51.9,25,6.25,GdnHCl
2CI2,E,26,A,I,-1.03,50.4,25,6.25,GdnHCl
2CI2,E,26,Q,I,-0.57,50.4,25,6.25,GdnHCl
2CI2,K,30,A,I,-1.2,40.8,25,6.25,GdnHCl
2CI2,S,31,G,I,-0.06,20.2,25,6.25,GdnHCl
2CI2,S,31,A,I,-1.02,20.2,25,6.25,GdnHCl
2CI2,E,33,Q,I,-0.4,58.4,25,6.25,GdnHCl
2CI2,E,33,D,I,-0.77,58.4,25,6.25,GdnHCl
2CI2,E,33,N,I,-0.28,58.4,25,6.25,GdnHCl
2CI2,E,34,Q,I,-0.68,52.8,25,6.25,GdnHCl
2CI2,E,34,D,I,0.36,52.8,25,6.25,GdnHCl
2CI2,E,34,N,I,-0.08,52.8,25,6.25,GdnHCl
2CI2,A,35,G,I,-1.41,0,25,6.25,GdnHCl
2CI2,K,36,A,I,-1.13,45,25,6.25,GdnHCl
2CI2,K,36,G,I,-2.01,45,25,6.25,GdnHCl
2CI2,K,37,A,I,-0.99,68,25,6.25,GdnHCl
2CI2,K,37,G,I,-1.58,68,25,6.25,GdnHCl
2CI2,L,40,A,I,-1.21,45,25,6.25,GdnHCl
2CI2,L,40,G,I,-2.09,45,25,6.25,GdnHCl
2CI2,Q,41,A,I,-0.54,80.2,25,6.25,GdnHCl
2CI2,Q,41,G,I,-0.92,80.2,25,6.25,GdnHCl
2CI2,D,42,A,I,-1.05,45,25,6.25,GdnHCl
2CI2,K,43,G,I,-3.49,5.4,25,6.25,GdnHCl
2CI2,L,51,A,I,-1.74,21.2,25,6.25,GdnHCl
2CI2,L,51,I,I,-1.01,21.2,25,6.25,GdnHCl
2CI2,L,51,V,I,-1.02,21.2,25,6.25,GdnHCl
2CI2,P,52,A,I,-0.58,61.9,25,6.25,GdnHCl
2CI2,T,55,S,I,-0.98,40.1,25,6.25,GdnHCl
2CI2,T,55,V,I,-1.57,40.1,25,6.25,GdnHCl
2CI2,T,55,A,I,-1.42,40.1,25,6.25,GdnHCl
2CI2,I,56,A,I,-1.28,95.2,25,6.25,GdnHCl
2CI2,V,57,A,I,-0.67,40.4,25,6.25,GdnHCl
2CI2,R,62,A,I,-1.02,48.7,25,6.25,GdnHCl
2CI2,D,64,A,I,-1.02,22.6,25,6.25,GdnHCl
2CI2,F,69,L,I,-1.92,17.9,25,6.25,GdnHCl
2CI2,F,69,V,I,-1.41,17.9,25,6.25,GdnHCl
2CI2,F,69,A,I,-3.21,17.9,25,6.25,GdnHCl
2CI2,D,71,A,I,-3.14,43,25,6.25,GdnHCl
2CI2,K,72,N,I,-1.21,100.9,25,6.25,GdnHCl
2CI2,N,75,D,I,-1.51,31.1,25,6.25,GdnHCl
2CI2,N,75,A,I,-1.22,31.1,25,6.25,GdnHCl
2CI2,P,80,A,I,-3.5,2.1,25,6.25,GdnHCl
2CI2,V,38,A,I,-0.26,34.7,25,6.3,GdnHCl
2CI2,I,39,V,I,-0.94,0,25,6.3,GdnHCl
2CI2,E,60,A,I,-1.09,52.6,25,6.3,GdnHCl
2CRK,D,122,N,A,-1.19503,25.7,25,8,GdnHCl
2CRK,D,122,A,A,-0.478011,25.7,25,8,GdnHCl
2H61,L,3,A,A,-0.334609,0,25,7.2,GdnHCl
2H61,L,3,S,A,-0.43021,0,25,7.2,GdnHCl
2H61,M,7,A,A,-2.95172,0.1,25,7.2,GdnHCl
2H61,I,11,A,A,-1.52964,0.8,25,7.2,GdnHCl
2H61,F,14,A,A,-5.47323,0.4,25,7.2,GdnHCl
2HFT,R,200,W,_,0.6,36.5,23,7.5,GdnHCl
2IMM,A,15,L,-,1.36233,59.5,20,7.4,GdnHCl
2IMM,N,90,Q,-,1.05163,0.3,20,7.4,GdnHCl
2IMM,F,32,Y,-,0.382409,21.3,20,7.4,GdnHCl
2IMM,L,106,I,-,0.358509,31,20,7.4,GdnHCl
2IMM,T,63,S,-,0.286807,45.2,20,7.4,GdnHCl
2IMM,M,21,I,-,0.239006,0.1,20,7.4,GdnHCl
2IMM,K,24,R,-,-0.167304,54.5,20,7.4,GdnHCl
2IMM,M,21,L,-,-0.310707,0.1,20,7.4,GdnHCl
2IMM,A,100,G,-,0.0239006,88.1,20,7.4,GdnHCl
2IMM,P,43,S,-,-0.167304,74.7,20,7.4,GdnHCl
2IMM,Q,79,E,-,-0.40631,37.6,20,7.4,GdnHCl
2LZM,A,42,G,_,-3.2,0,25,6,Urea
2LZM,I,50,A,_,-2.9,21.1,25,6,Urea
2LZM,V,87,A,_,-2.8,1.9,25,6,Urea
2LZM,L,121,A,_,-4.2,0.6,25,6,Urea
2LZM,A,130,G,_,-2.1,7.7,25,6,Urea
2LZM,I,150,V,_,-2.1,6.2,25,6,Urea
2LZM,M,6,I,-,-4.78,0,22,7,Urea
2LZM,Y,25,G,-,-4.55,13.3,22,7,Urea
2LZM,S,38,D,-,-1.2,42.2,22,7,Urea
2LZM,G,51,D,-,-2.63,82.4,22,7,Urea
2LZM,C,54,Y,-,-5.02,3.3,22,7,Urea
2LZM,I,58,Y,-,-3.11,3.1,22,7,Urea
2LZM,G,77,A,-,-1.2,4.6,22,7,Urea
2LZM,A,82,P,-,-0.72,82,22,7,Urea
2LZM,P,86,G,-,-1.91,42.1,22,7,Urea
2LZM,A,98,T,-,-3.83,0,22,7,Urea
2LZM,A,98,V,-,-5.02,0,22,7,Urea
2LZM,V,103,A,-,-1.91,6.1,22,7,Urea
2LZM,Q,105,G,-,-3.11,33.4,22,7,Urea
2LZM,W,126,R,-,-5.74,19.4,22,7,Urea
2LZM,W,138,Y,-,-2.87,5.1,22,7,Urea
2LZM,A,146,I,-,-4.31,0,22,7,Urea
2LZM,A,146,T,-,-2.87,0,22,7,Urea
2LZM,A,146,V,-,-4.31,0,22,7,Urea
2LZM,V,149,A,-,-2.87,0,22,7,Urea
2LZM,F,153,C,-,-3.11,0.5,22,7,Urea
2LZM,G,156,D,-,-4.07,23.9,22,7,Urea
2LZM,T,157,D,-,-2.39,38.3,22,7,Urea
2LZM,T,157,F,-,-4.07,38.3,22,7,Urea
2LZM,A,160,T,-,-4.55,15.6,22,7,Urea
2LZM,L,66,P,-,-12.23,2.1,25,7,Urea
2LZM,I,27,A,_,-3.15,0,25,6,Urea
2LZM,L,7,A,_,-3.9,0,25,6,Urea
2PPN,W,59,F,-,-2.72,3.6,25,7.5,Urea
2PPN,W,59,L,-,-2.35,3.6,25,7.5,Urea
2PPN,R,57,A,-,0.655,54.7,25,7.5,Urea
2PPN,R,57,G,-,2.095,54.7,25,7.5,Urea
2PPN,E,60,G,-,2.675,9.5,25,7.5,Urea
2PPN,E,61,A,-,0.76,39,25,7.5,Urea
2PPN,E,61,G,-,2.46,39,25,7.5,Urea
2PPN,V,63,A,-,2.75,0.3,25,7.5,Urea
2PPN,I,7,V,-,1.035,54.7,25,7.5,Urea
2PPN,I,76,V,-,0.67,0,25,7.5,Urea
2PPN,L,97,A,-,3.64,0,25,7.5,Urea
2PPN,V,98,A,-,2.255,22.4,25,7.5,Urea
2PPN,V,101,A,-,2.72,0,25,7.5,Urea
2PPN,V,2,A,-,-2.43,14.5,25,7.5,Urea
2PPN,V,4,A,-,-2.78,27.9,25,7.5,Urea
2PPN,V,23,A,-,-2.97,2.3,25,7.5,Urea
2PPN,V,24,A,-,-3.19,0,25,7.5,Urea
2PPN,F,36,A,-,-3.54,29.9,25,7.5,Urea
2PPN,L,50,A,-,-2.57,7.3,25,7.5,Urea
2PPN,V,55,A,-,-2.13,16.7,25,7.5,Urea
2PPN,I,56,A,-,-2.48,14.4,25,7.5,Urea
2PPN,I,56,D,-,-3.16,14.4,25,7.5,Urea
2PPN,I,56,T,-,-1.81,14.4,25,7.5,Urea
2PPN,I,76,A,-,-3.81,0,25,7.5,Urea
2PPN,I,91,A,-,-1.54,2.7,25,7.5,Urea
2PPN,I,91,V,-,-0.38,2.7,25,7.5,Urea
2PPN,L,106,A,-,-2.32,20,25,7.5,Urea
2PPN,T,21,S,-,-1.44,22.5,25,7.5,Urea
2PPN,T,21,V,-,0.86,22.5,25,7.5,Urea
2PPN,T,21,A,-,-1.6,22.5,25,7.5,Urea
2PPN,T,27,S,-,-1.49,7.8,25,7.5,Urea
2PPN,T,27,V,-,0.23,7.8,25,7.5,Urea
2PPN,T,27,A,-,-1.97,7.8,25,7.5,Urea
2PPN,T,75,V,-,-0.81,25.3,25,7.5,Urea
2PPN,T,75,A,-,-2.625,25.3,25,7.5,Urea
2Q98,H,27,A,A,1.29,52.3,25,7.8,Urea
2Q98,H,30,A,A,2.05,16.7,25,7.8,Urea
2Q98,H,46,A,A,1.55,68.5,25,7.8,Urea
2Q98,H,59,A,A,-0.02,15.8,25,7.8,Urea
2Q98,H,97,A,A,0.33,21.5,25,7.8,Urea
2Q98,H,138,A,A,0.58,15,25,7.8,Urea
2Q98,H,173,A,A,-0.35,15,25,7.8,Urea
2Q98,H,180,A,A,-0.04,46.4,25,7.8,Urea
2Q98,H,195,A,A,0.12,43.2,25,7.8,Urea
2RJX,H,41,Y,A,1.1,3.3,25,6.5,Urea
2TRX,D,26,I,A,12.1,1.6,25,7,GdnHCl
2TRX,C,32,A,A,5.3,0.5,25,7,GdnHCl
2TRX,C,35,A,A,5.9,2.6,25,7,GdnHCl
2TRX,T,66,L,A,7.6,0.1,25,7,GdnHCl
2TRX,T,77,V,A,7.9,3,25,7,GdnHCl
2TRX,P,76,A,A,-3.9,0.7,25,7,GdnHCl
2TRX,P,34,S,A,-0.1,9.7,25,7,GdnHCl
2TRX,D,26,A,A,4.3,1.6,25,8,GdnHCl
2TS1,I,52,L,-,-0.17625,0.3,25,7.78,Urea
2TS1,T,51,P,-,-0.7235,10.6,25,7.78,Urea
3B0K,T,29,I,A,4.4,0.3,25,7,GdnHCl
3B0K,A,30,T,A,1.7,0.4,25,7,GdnHCl
3B0K,A,30,I,A,2.4,0.4,25,7,GdnHCl
3B0K,T,33,I,A,-1.1,13,25,7,GdnHCl
3B0K,W,118,F,A,0.157744,3.7,25,7.5,GdnHCl
3B0K,W,104,F,A,-2.27055,12.5,25,7.5,GdnHCl
3B0K,W,60,F,A,-1.26912,2.3,25,7.5,GdnHCl
3B0K,W,26,F,A,-2.39962,0,25,7.5,GdnHCl
3BLM,D,179,N,-,-0.43499,0.7,20,6.5,GdnHCl
3GP6,F,55,A,A,-1.04685,51.5,25,8,Urea
3GP6,A,85,G,A,-0.865201,46.8,25,8,Urea
3GP6,Y,87,F,A,-1.3695,4,25,8,Urea
3GP6,L,105,A,A,-0.762428,57.5,25,8,Urea
3GP6,M,157,A,A,-0.767208,25.1,25,8,Urea
3GP6,W,17,A,A,-0.984704,67.9,25,8,Urea
3GP6,Y,23,A,A,-0.905832,39.6,25,8,Urea
3GP6,W,51,A,A,-0.446941,75.5,25,8,Urea
3GP6,Y,153,A,A,-0.554493,30.1,25,8,Urea
3GP6,D,24,N,A,-0.604685,0,25,8,Urea
3GP6,S,58,A,A,-1.25717,0,25,8,Urea
3GP6,M,72,A,A,-0.341778,8.2,25,8,Urea
3GP6,E,90,A,A,-0.662046,1.9,25,8,Urea
3GP6,R,94,A,A,-1.53203,38.7,25,8,Urea
3GP6,T,108,A,A,-0.40392,5.3,25,8,Urea
3GP6,S,130,A,A,-1.27151,8.7,25,8,Urea
3GP6,T,137,A,A,-0.509082,1.1,25,8,Urea
3GP6,Q,139,A,A,-0.967973,0.9,25,8,Urea
3GP6,Q,160,A,A,0.181644,20.3,25,8,Urea
3I40,S,9,D,B,0.1,73.1,25,8,GdnHCl
3I40,H,10,D,B,1.3,64.5,25,8,GdnHCl
3I40,H,10,E,B,1.44,64.5,25,8,GdnHCl
3I40,H,10,T,B,-0.22,64.5,25,8,GdnHCl
3I40,T,8,A,A,0.16,50.9,25,8,GdnHCl
3I40,T,8,H,A,1.76,50.9,25,8,GdnHCl
3I40,T,8,R,A,1.25,50.9,25,8,GdnHCl
3I40,Y,26,T,B,-0.3,35.1,25,8,GdnHCl
3I40,F,25,H,B,1,44.9,25,8,GdnHCl
3I40,F,25,D,B,0.6,44.9,25,8,GdnHCl
3MVT,W,264,F,_,8.64,25,20,7.4,Urea
3MVT,W,117,F,_,4.74,25,20,7.4,Urea
3MVT,W,272,F,_,4.68,14.6,20,7.4,Urea
3PF4,E,3,R,-,0.884321,-99.9,25,7,GdnHCl
3PF4,E,66,L,-,1.33843,97,25,7,GdnHCl
3PF4,F,27,A,-,-0.76,2.1,25,7,Urea
3PF4,F,17,A,-,-1.53,3.7,25,7,Urea
3PF4,F,15,A,-,-2.27,6.9,25,7,Urea
3PF4,F,38,A,-,0.15,10.5,25,7,Urea
3PGK,H,388,Q,-,-0.84,2.3,25,6.5,GdnHCl
3PGK,W,333,F,-,-0.8925,2.8,25,7.5,GdnHCl
3PGK,W,308,F,-,-3.67,42.2,25,7.5,GdnHCl
3PGK,W,308,Y,-,-1.415,42.2,22,7.5,GdnHCl
3PGK,Y,48,W,-,-0.315,38.5,25,7.5,GdnHCl
3PGK,Y,122,W,-,-0.74,39.4,25,7.5,GdnHCl
3SIL,A,69,V,-,0.62,0,25,7,GdnHCl
3SIL,A,53,L,-,0.81,0,25,7,GdnHCl
3SNF,M,23,L,-,-2.84417,0,25,6,GdnHCl
3UA6,E,107,G,A,-2.29,0,25,8,GdnHCl
3UA6,T,127,A,A,-2.59,37,25,8,GdnHCl
3UA6,G,128,A,A,-1.78,48.1,25,8,GdnHCl
3UA6,E,107,D,A,0.68,0,25,8,GdnHCl
3UA6,E,107,T,A,-0.6,0,25,8,GdnHCl
3UA6,E,107,Q,A,-0.74,0,25,8,GdnHCl
3UA6,E,107,H,A,-0.99,0,25,8,GdnHCl
3UA6,E,107,K,A,-0.97,0,25,8,GdnHCl
3UA6,E,107,A,A,-1.27,0,25,8,GdnHCl
3UA6,E,107,S,A,-1.64,0,25,8,GdnHCl
3UA6,E,107,F,A,-1.63,0,25,8,GdnHCl
3UA6,E,107,V,A,-2,0,25,8,GdnHCl
3UA6,E,107,P,A,-1.71,0,25,8,GdnHCl
3UA6,E,107,Y,A,-2.4,0,25,8,GdnHCl
3UA6,E,107,I,A,-2.71,0,25,8,GdnHCl
3UA6,E,107,L,A,-3.02,0,25,8,GdnHCl
3UA6,E,107,R,A,-3.38,0,25,8,GdnHCl
3UA6,S,124,K,A,0.11,1.3,25,8,GdnHCl
3UA6,S,124,R,A,-0.18,1.3,25,8,GdnHCl
3UA6,S,124,N,A,-0.73,1.3,25,8,GdnHCl
3UA6,S,124,L,A,-0.37,1.3,25,8,GdnHCl
3UA6,S,124,H,A,-1.25,1.3,25,8,GdnHCl
3UA6,S,124,A,A,-0.71,1.3,25,8,GdnHCl
3UA6,S,124,I,A,-1.41,1.3,25,8,GdnHCl
3UA6,S,124,V,A,-1.1,1.3,25,8,GdnHCl
3UA6,S,124,T,A,-1.65,1.3,25,8,GdnHCl
3UA6,S,124,F,A,-1.9,1.3,25,8,GdnHCl
3UA6,S,124,Y,A,-2.27,1.3,25,8,GdnHCl
3UA6,S,124,D,A,-2.02,1.3,25,8,GdnHCl
3UA6,S,124,G,A,-1.68,1.3,25,8,GdnHCl
3UTO,Y,75,F,-,2.15,1.3,20,7,Urea
3VSY,Y,16,S,A,11.9,3.2,25,7,Urea
3VSY,Y,32,S,A,13.7,0,25,7,Urea
3VSY,Y,57,S,A,9.5,5.1,25,7,Urea
4BLM,S,126,C,A,1.35,0,22,7,Urea
4BLM,S,265,C,A,-1.2,1.8,22,7,Urea
4HIL,P,81,A,_,-1.14723,49,25,7.2,Urea
4IPY,W,184,A,-,-0.7,7.2,25,7.3,GdnHCl
4IPY,R,167,A,-,-3.05,40,25,7.3,GdnHCl
4NX6,V,88,A,_,0.39,35.7,20,7.2,Urea
4NX6,V,88,I,_,0.75,35.7,20,7.2,Urea
4P2P,H,48,Q,-,-1.03,7.2,20,7,GdnHCl
4P2P,H,48,N,-,-2.28,7.2,20,7,GdnHCl
4P2P,H,48,K,-,-3.21,7.2,20,7,GdnHCl
4POC,Q,179,D,-,1.5,75.7,25,8,Urea
4POC,S,105,D,-,-1.3,43,25,8,Urea
4POC,Q,179,A,-,0.1,75.7,25,8,Urea
4POC,K,193,A,-,1,58.2,25,8,Urea
4POC,A,215,P,-,0.6,88.5,25,8,Urea
5C0Z,H,26,V,A,-3.78,20,25,7.2,Urea
5C0Z,N,52,I,A,-3.14,15.3,25,7.2,Urea
5C0Z,H,33,F,A,0.67,18.7,25,7.2,Urea
5C0Z,P,30,A,A,-5.74,12.6,25,7.2,Urea
5C0Z,P,30,V,A,-5,12.6,25,7.2,Urea
5C0Z,Y,67,F,A,-2.31,7.5,25,7.2,Urea
5CE4,F,16,Y,-,-3.44168,21,25,8,Urea
5CE4,F,57,S,-,-3.63289,36.3,25,8,Urea
5CE4,Y,128,F,-,-3.82409,2.6,25,8,Urea
5CE4,T,40,E,-,-3.27438,0.9,25,8,Urea
5CE4,T,40,Q,-,-4.3738,0.9,25,8,Urea
5CE4,T,40,V,-,-1.84034,0.9,25,8,Urea
5CE4,R,106,T,-,-3.53728,7.2,25,8,Urea
5CE4,R,126,K,-,-4.66061,6.3,25,8,Urea
5CE4,R,126,Q,-,-0.621415,6.3,25,8,Urea
5CGQ,A,18,G,A,-4.1,9.5,25,7.8,Urea
5CGQ,F,22,L,A,-0.545,1.9,25,7.8,Urea
5CGQ,F,22,I,A,-2.3825,1.9,25,7.8,Urea
5CGQ,F,22,V,A,-1.705,1.9,25,7.8,Urea
5CGQ,A,18,V,A,0.15,9.5,25,7.8,Urea
5CGQ,I,232,V,A,-2.7,11.7,25,7.8,Urea
5CGQ,L,209,V,A,-2.7,0,25,7.8,Urea
5CGQ,Y,175,Q,A,0.35,5.4,25,7.8,Urea
5LVE,M,4,L,-,1.1,3.6,25,7.5,GdnHCl
5LVE,K,39,T,-,-2.6,31.1,25,7.5,GdnHCl
5LVE,Q,38,N,-,-1.1,25.1,25,7.5,GdnHCl
5LVE,Q,90,N,-,-1.6,0.3,25,7.5,GdnHCl
5LVE,S,97,T,-,-0.3,12.8,25,7.5,GdnHCl
5LVE,Y,96,P,-,-1.6,60.8,25,7.5,GdnHCl
5LVE,K,30,T,-,-1.3,47.8,25,7.5,GdnHCl
5LVE,L,15,P,-,-1.5,57.6,25,7.5,GdnHCl
5LVE,N,28,F,-,-3.1,40,25,7.5,GdnHCl
5LVE,S,29,N,-,-0.2,73.8,25,7.5,GdnHCl
5LVE,T,94,H,-,0.7,78.7,25,7.5,GdnHCl
5LVE,I,106,L,-,-1.2,34.2,25,7.5,GdnHCl
5LVE,K,30,R,-,-1,47.8,25,7.5,GdnHCl
5LVE,P,40,L,-,-1.7,77.3,25,7.5,GdnHCl
5LVE,Q,90,H,-,-0.8,0.3,25,7.5,GdnHCl
5LVE,Y,96,Q,-,-1,60.8,25,7.5,GdnHCl
5T4L,T,6,A,,-1.3,85.7,25,7.5,Urea
5T4L,N,282,D,,0.8,48.9,25,7.5,Urea
5T4L,N,285,R,,-2.6,21.2,25,7.5,Urea
5T4L,C,77,A,-,-1.3,6.1,25,7.5,Urea
5T4L,C,180,A,-,-2.2,5.9,25,7.5,Urea
5T4L,C,180,S,-,-1.8,5.9,25,7.5,Urea
5T4L,C,181,A,-,-1.6,3.7,25,7.5,Urea
5T4L,C,258,A,-,-2.5,0,25,7.5,Urea
5T4L,C,389,A,-,3.2,0,25,7.5,Urea
5T4L,F,2,A,,-7.35,81.8,25,7.5,Urea
5T4L,E,3,A,,-3.4,80.3,25,7.5,Urea
5T4L,I,5,A,,-5,69.3,25,7.5,Urea
5T4L,D,11,A,,-5.475,52.5,25,7.5,Urea
5T4L,K,63,M,,-5.05,82.5,25,7.5,Urea
5T4L,K,63,E,,-4.85,82.5,25,7.5,Urea
5T4L,E,253,Q,,-5.85,33.3,25,7.5,Urea
5T4L,E,253,K,,-7.35,33.3,25,7.5,Urea
5T4L,R,254,K,,-6.3,36.9,25,7.5,Urea
5T4L,R,254,M,,-3.6,36.9,25,7.5,Urea
9ILB,R,4,Q,-,-1,72.2,25,6.5,GdnHCl
9ILB,R,4,P,-,-0.4,72.2,25,6.5,GdnHCl
9ILB,L,6,A,-,-3.1,31.4,25,6.5,GdnHCl
9ILB,N,7,G,-,-2.6,15.4,25,6.5,GdnHCl
9ILB,N,7,D,-,0.43,15.4,25,6.5,GdnHCl
9ILB,C,8,A,-,-2.52,0,25,6.5,GdnHCl
9ILB,C,8,S,-,-4.8,0,25,6.5,GdnHCl
9ILB,L,10,A,-,-5.1,3.9,25,6.5,GdnHCl
9ILB,T,9,A,-,-2.1,2.6,25,6.5,GdnHCl
9ILB,T,9,L,-,-3.1,2.6,25,6.5,GdnHCl
9ILB,K,97,R,-,-3.1,57.9,25,6.5,GdnHCl
9ILB,K,97,G,-,-2.1,57.9,25,6.5,GdnHCl
9ILB,K,97,V,-,1.5,57.9,25,6.5,GdnHCl
9ILB,T,9,G,-,-3.7,2.6,25,6.5,GdnHCl
9ILB,T,9,Q,-,-3.1,2.6,25,6.5,GdnHCl
1HL4,G,41,S,A,-2.93,,,,
1HL4,H,43,R,A,-2.68,,,,
1HL4,H,46,R,A,0.81,,,,
1HL4,D,76,V,A,-0.2,,,,
1HL4,D,76,Y,A,-0.21,,,,
1HL4,G,85,R,A,-1.93,,,,
1HL4,N,86,K,A,-0.66,,,,
1HL4,N,86,S,A,0.07,,,,
1HL4,D,90,V,A,-1.41,,,,
1HL4,G,93,S,A,-3.7,,,,
1HL4,G,93,R,A,-4.4,,,,
1HL4,I,104,F,A,-0.72,,,,
1HL4,S,105,L,A,-1.81,,,,
1HL4,N,139,K,A,-0.06,,,,
1HL4,L,144,S,A,-0.2,,,,
1HL4,L,144,F,A,-0.23,,,,
1A6M,H,119,F,A,-0.68,,,,
1A6M,L,29,F,A,-0.13,,,,
1A6M,L,29,N,A,-5.59,,,,
1A6M,F,43,V,A,-2.66,,,,
1A6M,F,43,I,A,-0.89,,,,
1A6M,H,64,L,A,1.05,,,,
1A6M,H,64,F,A,1.51,,,,
1A6M,V,68,F,A,0.82,,,,
1A6M,V,68,Q,A,-2.42,,,,
1A6M,V,68,N,A,-3.81,,,,
1A6M,I,107,F,A,0.58,,,,
1A6M,L,29,M,A,0.12,,,,
1A6M,L,69,M,A,0,,,,
1A6M,L,135,M,A,-0.79,,,,
1A6M,A,130,K,A,-3.7,,,,
1A6M,F,123,T,A,-3.5,,,,
1A6M,F,123,K,A,-2.1,,,,
1A6M,A,130,K,A,-2.1,,,,
1A6M,I,28,F,A,-0.28,,,,
1A6M,L,32,W,A,-0.53,,,,
1A6M,L,32,F,A,-0.07,,,,
1A6M,H,64,F,A,0.81,,,,
1A6M,H,64,W,A,0.47,,,,
1A6M,H,64,Y,A,0.52,,,,
1A6M,H,64,L,A,0.61,,,,
1A6M,H,64,I,A,0.38,,,,
1A6M,H,64,V,A,0.36,,,,
1A6M,H,64,T,A,0.23,,,,
1A6M,H,64,N,A,-0.33,,,,
1A6M,H,64,R,A,-0.08,,,,
1A6M,T,67,F,A,0.19,,,,
1A6M,T,67,Q,A,0.23,,,,
1A6M,T,67,P,A,-0.85,,,,
1A6M,V,68,F,A,0.38,,,,
1A6M,V,68,W,A,-0.07,,,,
1A6M,V,68,Y,A,-0.17,,,,
1A6M,I,107,F,A,0.12,,,,
1PGA,M,1,D,,0.3795,65.2,,6.5,GdnHCl
1PGA,M,1,E,,0.6414,65.2,,6.5,GdnHCl
1PGA,M,1,F,,1.137,65.2,,6.5,GdnHCl
1PGA,M,1,G,,0.3016,65.2,,6.5,GdnHCl
1PGA,M,1,H,,0.6688,65.2,,6.5,GdnHCl
1PGA,M,1,K,,0.2732,65.2,,6.5,GdnHCl
1PGA,T,2,D,,-0.5538,62.1,,6.5,GdnHCl
1PGA,T,2,E,,0.1299,62.1,,6.5,GdnHCl
1PGA,T,2,F,,0.3008,62.1,,6.5,GdnHCl
1PGA,T,2,H,,-0.1303,62.1,,6.5,GdnHCl
1PGA,T,2,K,,0.305,62.1,,6.5,GdnHCl
1PGA,T,2,L,,0.5417,62.1,,6.5,GdnHCl
1PGA,T,2,M,,1.002,62.1,,6.5,GdnHCl
1PGA,T,2,N,,-0.1427,62.1,,6.5,GdnHCl
1PGA,T,2,P,,-0.2721,62.1,,6.5,GdnHCl
1PGA,T,2,Q,,0.3391,62.1,,6.5,GdnHCl
1PGA,T,2,R,,0.09091,62.1,,6.5,GdnHCl
1PGA,Y,3,I,,-3.293,1.2,,6.5,GdnHCl
1PGA,Y,3,K,,0.8849,1.2,,6.5,GdnHCl
1PGA,Y,3,M,,-2.602,1.2,,6.5,GdnHCl
1PGA,Y,3,R,,-1.22,1.2,,6.5,GdnHCl
1PGA,K,4,D,,-2.054,31.2,,6.5,GdnHCl
1PGA,K,4,H,,0.7357,31.2,,6.5,GdnHCl
1PGA,K,4,I,,1.082,31.2,,6.5,GdnHCl
1PGA,L,5,F,,-0.4703,0,,6.5,GdnHCl
1PGA,I,6,D,,-1.965,36.7,,6.5,GdnHCl
1PGA,I,6,E,,-1.028,36.7,,6.5,GdnHCl
1PGA,I,6,F,,-0.1041,36.7,,6.5,GdnHCl
1PGA,I,6,H,,-1.059,36.7,,6.5,GdnHCl
1PGA,L,7,D,,-3.108,3.5,,6.5,GdnHCl
1PGA,L,7,E,,-2.786,3.5,,6.5,GdnHCl
1PGA,L,7,F,,0.2555,3.5,,6.5,GdnHCl
1PGA,L,7,H,,-1.591,3.5,,6.5,GdnHCl
1PGA,L,7,K,,-2.762,3.5,,6.5,GdnHCl
1PGA,N,8,E,,-0.007481,48.9,,6.5,GdnHCl
1PGA,N,8,F,,0.3487,48.9,,6.5,GdnHCl
1PGA,N,8,H,,0.2423,48.9,,6.5,GdnHCl
1PGA,N,8,I,,0.5593,48.9,,6.5,GdnHCl
1PGA,N,8,K,,0.4528,48.9,,6.5,GdnHCl
1PGA,N,8,L,,0.9527,48.9,,6.5,GdnHCl
1PGA,N,8,M,,0.3651,48.9,,6.5,GdnHCl
1PGA,G,9,E,,-1.997,3.9,,6.5,GdnHCl
1PGA,G,9,F,,0.00246,3.9,,6.5,GdnHCl
1PGA,K,10,D,,-0.4953,81.4,,6.5,GdnHCl
1PGA,K,10,H,,0.1534,81.4,,6.5,GdnHCl
1PGA,K,10,I,,0.5619,81.4,,6.5,GdnHCl
1PGA,T,11,D,,0.4589,96.5,,6.5,GdnHCl
1PGA,T,11,E,,0.4625,96.5,,6.5,GdnHCl
1PGA,T,11,F,,0.7639,96.5,,6.5,GdnHCl
1PGA,T,11,H,,0.4212,96.5,,6.5,GdnHCl
1PGA,T,11,K,,0.351,96.5,,6.5,GdnHCl
1PGA,T,11,L,,0.3795,96.5,,6.5,GdnHCl
1PGA,T,11,M,,0.3872,96.5,,6.5,GdnHCl
1PGA,T,11,N,,0.1678,96.5,,6.5,GdnHCl
1PGA,T,11,P,,-1.028,96.5,,6.5,GdnHCl
1PGA,T,11,Q,,0.5916,96.5,,6.5,GdnHCl
1PGA,T,11,R,,0.3921,96.5,,6.5,GdnHCl
1PGA,L,12,D,,-0.6799,33.5,,6.5,GdnHCl
1PGA,L,12,E,,-0.2471,33.5,,6.5,GdnHCl
1PGA,L,12,F,,1.255,33.5,,6.5,GdnHCl
1PGA,L,12,H,,0.2832,33.5,,6.5,GdnHCl
1PGA,L,12,K,,0.596,33.5,,6.5,GdnHCl
1PGA,K,13,D,,-0.4547,62,,6.5,GdnHCl
1PGA,K,13,H,,0.4454,62,,6.5,GdnHCl
1PGA,K,13,I,,0.2273,62,,6.5,GdnHCl
1PGA,G,14,E,,0.531,42.1,,6.5,GdnHCl
1PGA,G,14,F,,0.6704,42.1,,6.5,GdnHCl
1PGA,T,16,D,,-1.038,36,,6.5,GdnHCl
1PGA,T,16,E,,-0.2312,36,,6.5,GdnHCl
1PGA,T,16,F,,1.853,36,,6.5,GdnHCl
1PGA,T,16,H,,0.5104,36,,6.5,GdnHCl
1PGA,T,16,K,,0.3184,36,,6.5,GdnHCl
1PGA,T,16,L,,0.9691,36,,6.5,GdnHCl
1PGA,T,16,M,,0.6984,36,,6.5,GdnHCl
1PGA,T,16,N,,-0.1421,36,,6.5,GdnHCl
1PGA,T,16,P,,-1.993,36,,6.5,GdnHCl
1PGA,T,16,Q,,0.3266,36,,6.5,GdnHCl
1PGA,T,16,R,,0.5506,36,,6.5,GdnHCl
1PGA,T,17,D,,-0.3162,60.1,,6.5,GdnHCl
1PGA,T,17,E,,0.3336,60.1,,6.5,GdnHCl
1PGA,T,17,F,,0.6827,60.1,,6.5,GdnHCl
1PGA,T,17,H,,-0.04852,60.1,,6.5,GdnHCl
1PGA,T,17,K,,-0.0832,60.1,,6.5,GdnHCl
1PGA,T,17,L,,-0.06769,60.1,,6.5,GdnHCl
1PGA,T,17,M,,0.05629,60.1,,6.5,GdnHCl
1PGA,T,17,N,,-0.1293,60.1,,6.5,GdnHCl
1PGA,T,17,P,,-2.084,60.1,,6.5,GdnHCl
1PGA,T,17,Q,,0.2838,60.1,,6.5,GdnHCl
1PGA,T,17,R,,0.2138,60.1,,6.5,GdnHCl
1PGA,T,18,D,,-1.787,18.5,,6.5,GdnHCl
1PGA,T,18,E,,-0.6727,18.5,,6.5,GdnHCl
1PGA,T,18,F,,0.5632,18.5,,6.5,GdnHCl
1PGA,T,18,H,,-0.4238,18.5,,6.5,GdnHCl
1PGA,T,18,K,,-0.9528,18.5,,6.5,GdnHCl
1PGA,T,18,L,,0.7961,18.5,,6.5,GdnHCl
1PGA,T,18,M,,0.6229,18.5,,6.5,GdnHCl
1PGA,T,18,N,,-0.8737,18.5,,6.5,GdnHCl
1PGA,T,18,Q,,-0.5862,18.5,,6.5,GdnHCl
1PGA,T,18,R,,-0.442,18.5,,6.5,GdnHCl
1PGA,V,21,D,,0.4596,85.2,,6.5,GdnHCl
1PGA,V,21,E,,0.7594,85.2,,6.5,GdnHCl
1PGA,V,21,F,,1.099,85.2,,6.5,GdnHCl
1PGA,V,21,H,,0.1943,85.2,,6.5,GdnHCl
1PGA,V,21,K,,0.5363,85.2,,6.5,GdnHCl
1PGA,V,21,M,,0.5225,85.2,,6.5,GdnHCl
1PGA,V,21,N,,0.4976,85.2,,6.5,GdnHCl
1PGA,V,21,P,,0.8258,85.2,,6.5,GdnHCl
1PGA,V,21,Q,,0.2745,85.2,,6.5,GdnHCl
1PGA,V,21,R,,0.5082,85.2,,6.5,GdnHCl
1PGA,T,25,D,,0.2272,40.4,,6.5,GdnHCl
1PGA,T,25,E,,0.6153,40.4,,6.5,GdnHCl
1PGA,T,25,F,,0.3866,40.4,,6.5,GdnHCl
1PGA,T,25,H,,0.6744,40.4,,6.5,GdnHCl
1PGA,T,25,K,,-0.08343,40.4,,6.5,GdnHCl
1PGA,T,25,L,,-0.05998,40.4,,6.5,GdnHCl
1PGA,T,25,M,,0.2008,40.4,,6.5,GdnHCl
1PGA,T,25,N,,0.01742,40.4,,6.5,GdnHCl
1PGA,T,25,P,,-2.095,40.4,,6.5,GdnHCl
1PGA,T,25,Q,,0.4703,40.4,,6.5,GdnHCl
1PGA,T,25,R,,0.03177,40.4,,6.5,GdnHCl
1PGA,K,28,D,,0.1015,54.6,,6.5,GdnHCl
1PGA,K,28,H,,0.06766,54.6,,6.5,GdnHCl
1PGA,K,28,I,,0.7215,54.6,,6.5,GdnHCl
1PGA,V,29,D,,-0.2208,43,,6.5,GdnHCl
1PGA,V,29,E,,0.118,43,,6.5,GdnHCl
1PGA,V,29,F,,0.5923,43,,6.5,GdnHCl
1PGA,V,29,H,,0.1615,43,,6.5,GdnHCl
1PGA,V,29,K,,0.3326,43,,6.5,GdnHCl
1PGA,V,29,M,,0.1372,43,,6.5,GdnHCl
1PGA,V,29,N,,-0.2247,43,,6.5,GdnHCl
1PGA,V,29,P,,-2.722,43,,6.5,GdnHCl
1PGA,V,29,Q,,0.3762,43,,6.5,GdnHCl
1PGA,V,29,R,,0.4376,43,,6.5,GdnHCl
1PGA,F,30,D,,-0.5043,2.5,,6.5,GdnHCl
1PGA,K,31,I,,0.1853,34.7,,6.5,GdnHCl
1PGA,Q,32,D,,0.04907,66,,6.5,GdnHCl
1PGA,Q,32,E,,0.3816,66,,6.5,GdnHCl
1PGA,Q,32,F,,-0.3163,66,,6.5,GdnHCl
1PGA,Q,32,H,,-0.1958,66,,6.5,GdnHCl
1PGA,Q,32,I,,0.1103,66,,6.5,GdnHCl
1PGA,Q,32,K,,0.5808,66,,6.5,GdnHCl
1PGA,Q,32,L,,0.1403,66,,6.5,GdnHCl
1PGA,Q,32,M,,0.4955,66,,6.5,GdnHCl
1PGA,Q,32,N,,-0.01396,66,,6.5,GdnHCl
1PGA,Q,32,P,,0.6124,66,,6.5,GdnHCl
1PGA,Y,33,E,,-1.739,38.5,,6.5,GdnHCl
1PGA,Y,33,H,,-1.444,38.5,,6.5,GdnHCl
1PGA,Y,33,I,,-0.1415,38.5,,6.5,GdnHCl
1PGA,Y,33,K,,-1.525,38.5,,6.5,GdnHCl
1PGA,Y,33,M,,-0.5996,38.5,,6.5,GdnHCl
1PGA,Y,33,N,,-1.953,38.5,,6.5,GdnHCl
1PGA,Y,33,Q,,-1.337,38.5,,6.5,GdnHCl
1PGA,Y,33,R,,-1.724,38.5,,6.5,GdnHCl
1PGA,Y,33,T,,-1.641,38.5,,6.5,GdnHCl
1PGA,Y,33,V,,-0.4381,38.5,,6.5,GdnHCl
1PGA,N,35,E,,0.7452,68.5,,6.5,GdnHCl
1PGA,N,35,F,,1.001,68.5,,6.5,GdnHCl
1PGA,N,35,H,,0.03699,68.5,,6.5,GdnHCl
1PGA,N,35,I,,0.6808,68.5,,6.5,GdnHCl
1PGA,N,35,K,,1.043,68.5,,6.5,GdnHCl
1PGA,N,35,L,,0.8509,68.5,,6.5,GdnHCl
1PGA,N,35,M,,0.1763,68.5,,6.5,GdnHCl
1PGA,N,37,E,,0.003751,48.9,,6.5,GdnHCl
1PGA,N,37,F,,1.005,48.9,,6.5,GdnHCl
1PGA,N,37,H,,0.6965,48.9,,6.5,GdnHCl
1PGA,N,37,I,,0.5687,48.9,,6.5,GdnHCl
1PGA,N,37,K,,1.018,48.9,,6.5,GdnHCl
1PGA,N,37,L,,0.9543,48.9,,6.5,GdnHCl
1PGA,N,37,M,,0.3042,48.9,,6.5,GdnHCl
1PGA,G,38,E,,-0.1315,81.5,,6.5,GdnHCl
1PGA,G,38,F,,-0.1966,81.5,,6.5,GdnHCl
1PGA,V,39,D,,-3.414,5.4,,6.5,GdnHCl
1PGA,V,39,E,,-0.273,5.4,,6.5,GdnHCl
1PGA,V,39,F,,0.6698,5.4,,6.5,GdnHCl
1PGA,V,39,H,,-1.566,5.4,,6.5,GdnHCl
1PGA,V,39,K,,-1.962,5.4,,6.5,GdnHCl
1PGA,V,39,M,,-0.2731,5.4,,6.5,GdnHCl
1PGA,V,39,P,,-2.31,5.4,,6.5,GdnHCl
1PGA,V,39,Q,,-1.52,5.4,,6.5,GdnHCl
1PGA,V,39,R,,-2.039,5.4,,6.5,GdnHCl
1PGA,G,41,F,,-2.315,33.6,,6.5,GdnHCl
1PGA,T,44,D,,-0.06051,61.6,,6.5,GdnHCl
1PGA,T,44,E,,0.2712,61.6,,6.5,GdnHCl
1PGA,T,44,F,,0.09238,61.6,,6.5,GdnHCl
1PGA,T,44,H,,0.3065,61.6,,6.5,GdnHCl
1PGA,T,44,K,,0.2054,61.6,,6.5,GdnHCl
1PGA,T,44,L,,0.06871,61.6,,6.5,GdnHCl
1PGA,T,44,M,,-0.1149,61.6,,6.5,GdnHCl
1PGA,T,44,N,,-0.002354,61.6,,6.5,GdnHCl
1PGA,T,44,Q,,0.2158,61.6,,6.5,GdnHCl
1PGA,T,44,R,,0.1073,61.6,,6.5,GdnHCl
1PGA,Y,45,D,,-1.05,34.8,,6.5,GdnHCl
1PGA,Y,45,I,,-2.238,34.8,,6.5,GdnHCl
1PGA,Y,45,K,,-3.124,34.8,,6.5,GdnHCl
1PGA,Y,45,M,,-2.494,34.8,,6.5,GdnHCl
1PGA,Y,45,R,,-2.224,34.8,,6.5,GdnHCl
1PGA,Y,45,V,,-2.526,34.8,,6.5,GdnHCl
1PGA,T,49,D,,-0.8437,62.2,,6.5,GdnHCl
1PGA,T,49,E,,-0.3464,62.2,,6.5,GdnHCl
1PGA,T,49,F,,-0.6914,62.2,,6.5,GdnHCl
1PGA,T,49,H,,-0.4735,62.2,,6.5,GdnHCl
1PGA,T,49,K,,-0.03498,62.2,,6.5,GdnHCl
1PGA,T,49,L,,0.205,62.2,,6.5,GdnHCl
1PGA,T,49,M,,-0.4494,62.2,,6.5,GdnHCl
1PGA,T,49,N,,0.07347,62.2,,6.5,GdnHCl
1PGA,T,49,Q,,-0.389,62.2,,6.5,GdnHCl
1PGA,T,49,R,,-0.4665,62.2,,6.5,GdnHCl
1PGA,K,50,D,,-1.329,28.6,,6.5,GdnHCl
1PGA,K,50,H,,0.8224,28.6,,6.5,GdnHCl
1PGA,K,50,I,,-1.524,28.6,,6.5,GdnHCl
1PGA,T,51,D,,-3.311,10.1,,6.5,GdnHCl
1PGA,T,51,E,,-0.762,10.1,,6.5,GdnHCl
1PGA,T,51,H,,-2.158,10.1,,6.5,GdnHCl
1PGA,T,51,K,,-1.384,10.1,,6.5,GdnHCl
1PGA,T,51,L,,-1.049,10.1,,6.5,GdnHCl
1PGA,T,51,M,,-0.9797,10.1,,6.5,GdnHCl
1PGA,T,51,N,,-2.194,10.1,,6.5,GdnHCl
1PGA,T,51,Q,,-1.033,10.1,,6.5,GdnHCl
1PGA,T,51,R,,-1.846,10.1,,6.5,GdnHCl
1PGA,T,53,D,,-1.704,28.4,,6.5,GdnHCl
1PGA,T,53,E,,-0.2464,28.4,,6.5,GdnHCl
1PGA,T,53,F,,-0.01734,28.4,,6.5,GdnHCl
1PGA,T,53,H,,-0.9795,28.4,,6.5,GdnHCl
1PGA,T,53,K,,-0.4461,28.4,,6.5,GdnHCl
1PGA,T,53,L,,-0.3705,28.4,,6.5,GdnHCl
1PGA,T,53,M,,0.1526,28.4,,6.5,GdnHCl
1PGA,T,53,N,,-0.6512,28.4,,6.5,GdnHCl
1PGA,T,53,Q,,-0.3506,28.4,,6.5,GdnHCl
1PGA,T,53,R,,-0.2691,28.4,,6.5,GdnHCl
1PGA,V,54,D,,-2.667,0.3,,6.5,GdnHCl
1PGA,V,54,F,,-1.638,0.3,,6.5,GdnHCl
1PGA,V,54,M,,-0.6845,0.3,,6.5,GdnHCl
1PGA,V,54,P,,0.422,0.3,,6.5,GdnHCl
1PGA,V,54,Q,,-2.905,0.3,,6.5,GdnHCl
1PGA,T,55,D,,-0.3296,40.4,,6.5,GdnHCl
1PGA,T,55,E,,-0.3561,40.4,,6.5,GdnHCl
1PGA,T,55,F,,-0.1949,40.4,,6.5,GdnHCl
1PGA,T,55,H,,-0.662,40.4,,6.5,GdnHCl
1PGA,T,55,K,,-0.637,40.4,,6.5,GdnHCl
1PGA,T,55,L,,-0.2955,40.4,,6.5,GdnHCl
1PGA,T,55,M,,-0.4753,40.4,,6.5,GdnHCl
1PGA,T,55,N,,0.3415,40.4,,6.5,GdnHCl
1PGA,T,55,Q,,-0.03916,40.4,,6.5,GdnHCl
1PGA,T,55,R,,-0.131,40.4,,6.5,GdnHCl
1PGA,E,56,H,,-1.057,49.7,,6.5,GdnHCl
1PGA,E,56,I,,0.01867,49.7,,6.5,GdnHCl
1PGA,E,56,L,,-0.1419,49.7,,6.5,GdnHCl
1PGA,E,56,M,,-0.2874,49.7,,6.5,GdnHCl
1PGA,E,56,N,,0.1297,49.7,,6.5,GdnHCl
1PGA,E,56,P,,-0.6575,49.7,,6.5,GdnHCl
1PGA,E,56,R,,-1.339,49.7,,6.5,GdnHCl
1PGA,E,56,S,,-0.1691,49.7,,6.5,GdnHCl
1PGA,E,56,T,,-0.2044,49.7,,6.5,GdnHCl
1PGA,E,56,V,,-0.2482,49.7,,6.5,GdnHCl
1PGA,E,56,Y,,0.6801,49.7,,6.5,GdnHCl
1PGA,T,55,Y,,-0.1379,40.4,,6.5,GdnHCl
1PGA,V,54,Y,,-1.728,0.3,,6.5,GdnHCl
1PGA,T,53,Y,,0.2362,28.4,,6.5,GdnHCl
1PGA,F,52,H,,-2.656,2.6,,6.5,GdnHCl
1PGA,F,52,I,,-0.2429,2.6,,6.5,GdnHCl
1PGA,F,52,M,,-2.706,2.6,,6.5,GdnHCl
1PGA,F,52,P,,-1.719,2.6,,6.5,GdnHCl
1PGA,F,52,V,,-2.992,2.6,,6.5,GdnHCl
1PGA,F,52,Y,,-0.3431,2.6,,6.5,GdnHCl
1PGA,T,51,Y,,-1.635,10.1,,6.5,GdnHCl
1PGA,K,50,L,,0.5464,28.6,,6.5,GdnHCl
1PGA,K,50,M,,-0.05043,28.6,,6.5,GdnHCl
1PGA,K,50,N,,0.3757,28.6,,6.5,GdnHCl
1PGA,K,50,S,,-0.2897,28.6,,6.5,GdnHCl
1PGA,K,50,T,,-1.168,28.6,,6.5,GdnHCl
1PGA,K,50,V,,-1.345,28.6,,6.5,GdnHCl
1PGA,K,50,Y,,0.4603,28.6,,6.5,GdnHCl
1PGA,T,49,Y,,-0.8254,62.2,,6.5,GdnHCl
1PGA,A,48,D,,0.3508,86,,6.5,GdnHCl
1PGA,A,48,E,,0.4587,86,,6.5,GdnHCl
1PGA,A,48,H,,-0.08335,86,,6.5,GdnHCl
1PGA,A,48,K,,0.4986,86,,6.5,GdnHCl
1PGA,A,48,M,,-0.03654,86,,6.5,GdnHCl
1PGA,A,48,N,,0.1345,86,,6.5,GdnHCl
1PGA,A,48,P,,0.01175,86,,6.5,GdnHCl
1PGA,A,48,Q,,0.5385,86,,6.5,GdnHCl
1PGA,A,48,R,,0.1224,86,,6.5,GdnHCl
1PGA,A,48,S,,0.2873,86,,6.5,GdnHCl
1PGA,A,48,Y,,0.4127,86,,6.5,GdnHCl
1PGA,D,47,E,,0.6884,56.4,,6.5,GdnHCl
1PGA,D,47,F,,0.5808,56.4,,6.5,GdnHCl
1PGA,D,47,H,,-0.1733,56.4,,6.5,GdnHCl
1PGA,D,47,I,,0.7419,56.4,,6.5,GdnHCl
1PGA,D,47,L,,-0.3316,56.4,,6.5,GdnHCl
1PGA,D,47,M,,-0.7547,56.4,,6.5,GdnHCl
1PGA,D,47,P,,0.8987,56.4,,6.5,GdnHCl
1PGA,D,47,Q,,0.5846,56.4,,6.5,GdnHCl
1PGA,D,47,R,,0.1762,56.4,,6.5,GdnHCl
1PGA,D,47,S,,0.4559,56.4,,6.5,GdnHCl
1PGA,D,47,T,,-0.06607,56.4,,6.5,GdnHCl
1PGA,D,47,V,,-0.00552,56.4,,6.5,GdnHCl
1PGA,D,47,Y,,0.3546,56.4,,6.5,GdnHCl
1PGA,D,46,E,,-0.0487,49.2,,6.5,GdnHCl
1PGA,D,46,F,,-0.5241,49.2,,6.5,GdnHCl
1PGA,D,46,H,,-0.8399,49.2,,6.5,GdnHCl
1PGA,D,46,I,,-0.5677,49.2,,6.5,GdnHCl
1PGA,D,46,L,,-0.5259,49.2,,6.5,GdnHCl
1PGA,D,46,M,,-0.8416,49.2,,6.5,GdnHCl
1PGA,D,46,Q,,-0.3826,49.2,,6.5,GdnHCl
1PGA,D,46,R,,-1.716,49.2,,6.5,GdnHCl
1PGA,D,46,S,,-0.1975,49.2,,6.5,GdnHCl
1PGA,D,46,T,,-0.8039,49.2,,6.5,GdnHCl
1PGA,D,46,V,,-0.5117,49.2,,6.5,GdnHCl
1PGA,D,46,Y,,-1.309,49.2,,6.5,GdnHCl
1PGA,T,44,Y,,0.4001,61.6,,6.5,GdnHCl
1PGA,E,42,H,,0.03132,82.7,,6.5,GdnHCl
1PGA,E,42,I,,1.191,82.7,,6.5,GdnHCl
1PGA,E,42,L,,0.607,82.7,,6.5,GdnHCl
1PGA,E,42,M,,0.4159,82.7,,6.5,GdnHCl
1PGA,E,42,N,,0.2477,82.7,,6.5,GdnHCl
1PGA,E,42,P,,-1.255,82.7,,6.5,GdnHCl
1PGA,E,42,R,,0.5541,82.7,,6.5,GdnHCl
1PGA,E,42,S,,0.005709,82.7,,6.5,GdnHCl
1PGA,E,42,T,,0.1269,82.7,,6.5,GdnHCl
1PGA,E,42,V,,0.2759,82.7,,6.5,GdnHCl
1PGA,E,42,Y,,0.694,82.7,,6.5,GdnHCl
1PGA,G,41,I,,0.5839,33.6,,6.5,GdnHCl
1PGA,G,41,K,,-2.411,33.6,,6.5,GdnHCl
1PGA,G,41,M,,0.1888,33.6,,6.5,GdnHCl
1PGA,G,41,R,,0.4337,33.6,,6.5,GdnHCl
1PGA,G,41,Y,,-2.488,33.6,,6.5,GdnHCl
1PGA,D,40,E,,0.5006,88.1,,6.5,GdnHCl
1PGA,D,40,F,,0.8243,88.1,,6.5,GdnHCl
1PGA,D,40,I,,0.5893,88.1,,6.5,GdnHCl
1PGA,D,40,L,,0.1702,88.1,,6.5,GdnHCl
1PGA,D,40,M,,0.4579,88.1,,6.5,GdnHCl
1PGA,D,40,P,,-1.723,88.1,,6.5,GdnHCl
1PGA,D,40,Q,,0.7176,88.1,,6.5,GdnHCl
1PGA,D,40,R,,0.5541,88.1,,6.5,GdnHCl
1PGA,D,40,S,,0.5632,88.1,,6.5,GdnHCl
1PGA,D,40,T,,0.5705,88.1,,6.5,GdnHCl
1PGA,D,40,V,,0.5867,88.1,,6.5,GdnHCl
1PGA,D,40,Y,,0.8437,88.1,,6.5,GdnHCl
1PGA,V,39,Y,,-0.4204,5.4,,6.5,GdnHCl
1PGA,G,38,H,,0.5023,81.5,,6.5,GdnHCl
1PGA,G,38,I,,-1.439,81.5,,6.5,GdnHCl
1PGA,G,38,K,,0.2873,81.5,,6.5,GdnHCl
1PGA,G,38,L,,0.04239,81.5,,6.5,GdnHCl
1PGA,G,38,M,,-0.4658,81.5,,6.5,GdnHCl
1PGA,G,38,N,,0.3001,81.5,,6.5,GdnHCl
1PGA,G,38,P,,-2.741,81.5,,6.5,GdnHCl
1PGA,G,38,Q,,0.1927,81.5,,6.5,GdnHCl
1PGA,G,38,R,,-0.4179,81.5,,6.5,GdnHCl
1PGA,G,38,S,,-0.1732,81.5,,6.5,GdnHCl
1PGA,G,38,T,,-1.006,81.5,,6.5,GdnHCl
1PGA,G,38,Y,,-0.4339,81.5,,6.5,GdnHCl
1PGA,N,37,P,,-3.694,48.9,,6.5,GdnHCl
1PGA,N,37,Q,,0.9441,48.9,,6.5,GdnHCl
1PGA,N,37,R,,0.4179,48.9,,6.5,GdnHCl
1PGA,N,37,S,,0.2243,48.9,,6.5,GdnHCl
1PGA,N,37,T,,0.08425,48.9,,6.5,GdnHCl
1PGA,N,37,V,,0.4774,48.9,,6.5,GdnHCl
1PGA,N,37,Y,,0.7826,48.9,,6.5,GdnHCl
1PGA,D,36,E,,1.051,79.5,,6.5,GdnHCl
1PGA,D,36,F,,-0.05938,79.5,,6.5,GdnHCl
1PGA,D,36,H,,-0.09497,79.5,,6.5,GdnHCl
1PGA,D,36,I,,0.2773,79.5,,6.5,GdnHCl
1PGA,D,36,L,,0.2918,79.5,,6.5,GdnHCl
1PGA,D,36,M,,0.4983,79.5,,6.5,GdnHCl
1PGA,D,36,P,,-2.704,79.5,,6.5,GdnHCl
1PGA,D,36,Q,,0.4089,79.5,,6.5,GdnHCl
1PGA,D,36,R,,0.4081,79.5,,6.5,GdnHCl
1PGA,D,36,S,,0.4628,79.5,,6.5,GdnHCl
1PGA,D,36,T,,-0.2012,79.5,,6.5,GdnHCl
1PGA,D,36,V,,0.3005,79.5,,6.5,GdnHCl
1PGA,D,36,Y,,0.4349,79.5,,6.5,GdnHCl
1PGA,N,35,Q,,0.8364,68.5,,6.5,GdnHCl
1PGA,N,35,R,,0.3325,68.5,,6.5,GdnHCl
1PGA,N,35,S,,0.7551,68.5,,6.5,GdnHCl
1PGA,N,35,T,,0.4761,68.5,,6.5,GdnHCl
1PGA,N,35,V,,0.4245,68.5,,6.5,GdnHCl
1PGA,N,35,Y,,0.9328,68.5,,6.5,GdnHCl
1PGA,A,34,E,,-2.604,1.2,,6.5,GdnHCl
1PGA,A,34,H,,-3.191,1.2,,6.5,GdnHCl
1PGA,A,34,K,,-2.81,1.2,,6.5,GdnHCl
1PGA,A,34,M,,-0.4539,1.2,,6.5,GdnHCl
1PGA,A,34,N,,-1.461,1.2,,6.5,GdnHCl
1PGA,A,34,Q,,-2.332,1.2,,6.5,GdnHCl
1PGA,A,34,R,,-2.928,1.2,,6.5,GdnHCl
1PGA,A,34,S,,-0.5321,1.2,,6.5,GdnHCl
1PGA,A,34,Y,,-1.998,1.2,,6.5,GdnHCl
1PGA,Q,32,R,,0.3876,66,,6.5,GdnHCl
1PGA,Q,32,S,,0.2027,66,,6.5,GdnHCl
1PGA,Q,32,T,,0.3186,66,,6.5,GdnHCl
1PGA,Q,32,V,,-0.1299,66,,6.5,GdnHCl
1PGA,Q,32,Y,,-0.3905,66,,6.5,GdnHCl
1PGA,K,31,L,,0.172,34.7,,6.5,GdnHCl
1PGA,K,31,M,,0.3944,34.7,,6.5,GdnHCl
1PGA,K,31,N,,-0.5826,34.7,,6.5,GdnHCl
1PGA,K,31,S,,-0.7225,34.7,,6.5,GdnHCl
1PGA,K,31,T,,-0.4844,34.7,,6.5,GdnHCl
1PGA,K,31,V,,0.1874,34.7,,6.5,GdnHCl
1PGA,K,31,Y,,-0.4829,34.7,,6.5,GdnHCl
1PGA,F,30,M,,-1.663,2.5,,6.5,GdnHCl
1PGA,F,30,R,,-0.2781,2.5,,6.5,GdnHCl
1PGA,F,30,V,,-2.531,2.5,,6.5,GdnHCl
1PGA,F,30,Y,,0.9144,2.5,,6.5,GdnHCl
1PGA,V,29,Y,,0.1913,43,,6.5,GdnHCl
1PGA,K,28,L,,0.3129,54.6,,6.5,GdnHCl
1PGA,K,28,M,,0.5786,54.6,,6.5,GdnHCl
1PGA,K,28,N,,0.4428,54.6,,6.5,GdnHCl
1PGA,K,28,P,,-1.23,54.6,,6.5,GdnHCl
1PGA,K,28,S,,0.3627,54.6,,6.5,GdnHCl
1PGA,K,28,T,,0.185,54.6,,6.5,GdnHCl
1PGA,K,28,V,,0.2348,54.6,,6.5,GdnHCl
1PGA,K,28,Y,,0.2474,54.6,,6.5,GdnHCl
1PGA,E,27,I,,0.09868,30.1,,6.5,GdnHCl
1PGA,E,27,L,,1.815,30.1,,6.5,GdnHCl
1PGA,E,27,M,,0.9275,30.1,,6.5,GdnHCl
1PGA,E,27,N,,-1.638,30.1,,6.5,GdnHCl
1PGA,E,27,R,,0.4369,30.1,,6.5,GdnHCl
1PGA,E,27,S,,-0.3593,30.1,,6.5,GdnHCl
1PGA,E,27,T,,-1.036,30.1,,6.5,GdnHCl
1PGA,E,27,V,,-0.9147,30.1,,6.5,GdnHCl
1PGA,E,27,Y,,0.2636,30.1,,6.5,GdnHCl
1PGA,A,26,S,,-2.33,0,,6.5,GdnHCl
1PGA,T,25,Y,,0.102,40.4,,6.5,GdnHCl
1PGA,A,24,D,,0.2675,52.6,,6.5,GdnHCl
1PGA,A,24,E,,0.6679,52.6,,6.5,GdnHCl
1PGA,A,24,H,,-0.3865,52.6,,6.5,GdnHCl
1PGA,A,24,K,,0.7753,52.6,,6.5,GdnHCl
1PGA,A,24,M,,0.406,52.6,,6.5,GdnHCl
1PGA,A,24,N,,-0.2393,52.6,,6.5,GdnHCl
1PGA,A,24,P,,-0.1859,52.6,,6.5,GdnHCl
1PGA,A,24,Q,,0.04574,52.6,,6.5,GdnHCl
1PGA,A,24,R,,0.5373,52.6,,6.5,GdnHCl
1PGA,A,24,S,,0.2187,52.6,,6.5,GdnHCl
1PGA,A,24,Y,,0.4426,52.6,,6.5,GdnHCl
1PGA,A,23,D,,-0.4388,26.4,,6.5,GdnHCl
1PGA,A,23,E,,0.0442,26.4,,6.5,GdnHCl
1PGA,A,23,H,,-0.1959,26.4,,6.5,GdnHCl
1PGA,A,23,K,,0.4793,26.4,,6.5,GdnHCl
1PGA,A,23,M,,0.51,26.4,,6.5,GdnHCl
1PGA,A,23,N,,-0.1944,26.4,,6.5,GdnHCl
1PGA,A,23,P,,-0.1395,26.4,,6.5,GdnHCl
1PGA,A,23,Q,,0.7965,26.4,,6.5,GdnHCl
1PGA,A,23,R,,0.5935,26.4,,6.5,GdnHCl
1PGA,A,23,S,,0.1622,26.4,,6.5,GdnHCl
1PGA,A,23,Y,,0.3807,26.4,,6.5,GdnHCl
1PGA,D,22,E,,-0.8214,47,,6.5,GdnHCl
1PGA,D,22,F,,-1.075,47,,6.5,GdnHCl
1PGA,D,22,H,,-0.9863,47,,6.5,GdnHCl
1PGA,D,22,I,,-2.207,47,,6.5,GdnHCl
1PGA,D,22,L,,-1.175,47,,6.5,GdnHCl
1PGA,D,22,M,,-1.346,47,,6.5,GdnHCl
1PGA,D,22,P,,-2.932,47,,6.5,GdnHCl
1PGA,D,22,Q,,-1.206,47,,6.5,GdnHCl
1PGA,D,22,R,,-1.47,47,,6.5,GdnHCl
1PGA,D,22,S,,0.6246,47,,6.5,GdnHCl
1PGA,D,22,T,,-0.4365,47,,6.5,GdnHCl
1PGA,D,22,V,,-1.426,47,,6.5,GdnHCl
1PGA,D,22,Y,,-1.166,47,,6.5,GdnHCl
1PGA,V,21,Y,,0.639,85.2,,6.5,GdnHCl
1PGA,A,20,D,,-1.646,7.8,,6.5,GdnHCl
1PGA,A,20,E,,-0.582,7.8,,6.5,GdnHCl
1PGA,A,20,H,,-1.914,7.8,,6.5,GdnHCl
1PGA,A,20,K,,-1.77,7.8,,6.5,GdnHCl
1PGA,A,20,M,,-1.43,7.8,,6.5,GdnHCl
1PGA,A,20,N,,-2.851,7.8,,6.5,GdnHCl
1PGA,A,20,P,,-3.48,7.8,,6.5,GdnHCl
1PGA,A,20,Q,,0.1162,7.8,,6.5,GdnHCl
1PGA,A,20,R,,-1.467,7.8,,6.5,GdnHCl
1PGA,A,20,S,,-0.2021,7.8,,6.5,GdnHCl
1PGA,A,20,Y,,-1.938,7.8,,6.5,GdnHCl
1PGA,E,19,H,,0.01886,77,,6.5,GdnHCl
1PGA,E,19,I,,0.9345,77,,6.5,GdnHCl
1PGA,E,19,L,,0.3686,77,,6.5,GdnHCl
1PGA,E,19,M,,0.1866,77,,6.5,GdnHCl
1PGA,E,19,N,,0.6401,77,,6.5,GdnHCl
1PGA,E,19,P,,-0.778,77,,6.5,GdnHCl
1PGA,E,19,R,,0.7238,77,,6.5,GdnHCl
1PGA,E,19,S,,0.1053,77,,6.5,GdnHCl
1PGA,E,19,T,,0.6515,77,,6.5,GdnHCl
1PGA,E,19,V,,-0.09325,77,,6.5,GdnHCl
1PGA,E,19,Y,,0.774,77,,6.5,GdnHCl
1PGA,T,18,Y,,0.1554,18.5,,6.5,GdnHCl
1PGA,T,17,Y,,0.7134,60.1,,6.5,GdnHCl
1PGA,T,16,Y,,1.313,36,,6.5,GdnHCl
1PGA,E,15,H,,-0.2518,59.5,,6.5,GdnHCl
1PGA,E,15,I,,0.6033,59.5,,6.5,GdnHCl
1PGA,E,15,L,,0.1557,59.5,,6.5,GdnHCl
1PGA,E,15,M,,0.7185,59.5,,6.5,GdnHCl
1PGA,E,15,N,,0.1626,59.5,,6.5,GdnHCl
1PGA,E,15,P,,-1.979,59.5,,6.5,GdnHCl
1PGA,E,15,R,,0.2761,59.5,,6.5,GdnHCl
1PGA,E,15,S,,0.165,59.5,,6.5,GdnHCl
1PGA,E,15,T,,0.01162,59.5,,6.5,GdnHCl
1PGA,E,15,V,,0.9221,59.5,,6.5,GdnHCl
1PGA,E,15,Y,,0.6644,59.5,,6.5,GdnHCl
1PGA,G,14,H,,0.08403,42.1,,6.5,GdnHCl
1PGA,G,14,I,,0.8071,42.1,,6.5,GdnHCl
1PGA,G,14,K,,0.7175,42.1,,6.5,GdnHCl
1PGA,G,14,L,,1.25,42.1,,6.5,GdnHCl
1PGA,G,14,M,,0.9401,42.1,,6.5,GdnHCl
1PGA,G,14,N,,0.02504,42.1,,6.5,GdnHCl
1PGA,G,14,P,,-0.8771,42.1,,6.5,GdnHCl
1PGA,G,14,Q,,0.5181,42.1,,6.5,GdnHCl
1PGA,G,14,R,,0.8728,42.1,,6.5,GdnHCl
1PGA,G,14,S,,0.5117,42.1,,6.5,GdnHCl
1PGA,G,14,T,,0.3898,42.1,,6.5,GdnHCl
1PGA,G,14,Y,,0.2434,42.1,,6.5,GdnHCl
1PGA,K,13,L,,-0.05833,62,,6.5,GdnHCl
1PGA,K,13,M,,0.317,62,,6.5,GdnHCl
1PGA,K,13,N,,0.01071,62,,6.5,GdnHCl
1PGA,K,13,P,,-0.9935,62,,6.5,GdnHCl
1PGA,K,13,S,,0.5716,62,,6.5,GdnHCl
1PGA,K,13,T,,0.2514,62,,6.5,GdnHCl
1PGA,K,13,V,,0.5257,62,,6.5,GdnHCl
1PGA,K,13,Y,,0.6876,62,,6.5,GdnHCl
1PGA,L,12,M,,0.3446,33.5,,6.5,GdnHCl
1PGA,L,12,N,,0.08539,33.5,,6.5,GdnHCl
1PGA,L,12,P,,-1.231,33.5,,6.5,GdnHCl
1PGA,L,12,Q,,0.1395,33.5,,6.5,GdnHCl
1PGA,L,12,R,,0.2425,33.5,,6.5,GdnHCl
1PGA,L,12,S,,-0.0594,33.5,,6.5,GdnHCl
1PGA,L,12,T,,0.4164,33.5,,6.5,GdnHCl
1PGA,L,12,Y,,1.776,33.5,,6.5,GdnHCl
1PGA,T,11,Y,,0.2982,96.5,,6.5,GdnHCl
1PGA,K,10,L,,0.7221,81.4,,6.5,GdnHCl
1PGA,K,10,M,,0.2474,81.4,,6.5,GdnHCl
1PGA,K,10,N,,0.09672,81.4,,6.5,GdnHCl
1PGA,K,10,P,,-0.177,81.4,,6.5,GdnHCl
1PGA,K,10,S,,-0.1296,81.4,,6.5,GdnHCl
1PGA,K,10,T,,0.1995,81.4,,6.5,GdnHCl
1PGA,K,10,V,,0.4141,81.4,,6.5,GdnHCl
1PGA,K,10,Y,,0.5094,81.4,,6.5,GdnHCl
1PGA,G,9,H,,-1.22,3.9,,6.5,GdnHCl
1PGA,G,9,I,,-0.5926,3.9,,6.5,GdnHCl
1PGA,G,9,K,,-1.227,3.9,,6.5,GdnHCl
1PGA,G,9,L,,0.3194,3.9,,6.5,GdnHCl
1PGA,G,9,M,,-0.5478,3.9,,6.5,GdnHCl
1PGA,G,9,N,,-1.29,3.9,,6.5,GdnHCl
1PGA,G,9,P,,-2.381,3.9,,6.5,GdnHCl
1PGA,G,9,Q,,-1.055,3.9,,6.5,GdnHCl
1PGA,G,9,R,,-0.8811,3.9,,6.5,GdnHCl
1PGA,G,9,S,,0.02543,3.9,,6.5,GdnHCl
1PGA,G,9,T,,0.3,3.9,,6.5,GdnHCl
1PGA,G,9,Y,,-0.5363,3.9,,6.5,GdnHCl
1PGA,N,8,P,,-1.448,48.9,,6.5,GdnHCl
1PGA,N,8,Q,,0.2871,48.9,,6.5,GdnHCl
1PGA,N,8,R,,0.6361,48.9,,6.5,GdnHCl
1PGA,N,8,S,,-0.04427,48.9,,6.5,GdnHCl
1PGA,N,8,T,,-0.6143,48.9,,6.5,GdnHCl
1PGA,N,8,V,,0.1292,48.9,,6.5,GdnHCl
1PGA,N,8,Y,,0.2102,48.9,,6.5,GdnHCl
1PGA,L,7,M,,0.4979,3.5,,6.5,GdnHCl
1PGA,L,7,P,,-2.882,3.5,,6.5,GdnHCl
1PGA,L,7,Q,,-1.537,3.5,,6.5,GdnHCl
1PGA,L,7,R,,-2.072,3.5,,6.5,GdnHCl
1PGA,L,7,S,,-1.794,3.5,,6.5,GdnHCl
1PGA,L,7,T,,-1.135,3.5,,6.5,GdnHCl
1PGA,L,7,Y,,-0.02215,3.5,,6.5,GdnHCl
1PGA,I,6,K,,-0.4732,36.7,,6.5,GdnHCl
1PGA,I,6,N,,-0.7986,36.7,,6.5,GdnHCl
1PGA,I,6,Q,,-0.5795,36.7,,6.5,GdnHCl
1PGA,I,6,R,,-0.6629,36.7,,6.5,GdnHCl
1PGA,I,6,S,,-1.38,36.7,,6.5,GdnHCl
1PGA,I,6,Y,,-0.21,36.7,,6.5,GdnHCl
1PGA,L,5,M,,-0.6775,0,,6.5,GdnHCl
1PGA,L,5,P,,-1.653,0,,6.5,GdnHCl
1PGA,L,5,R,,0.7247,0,,6.5,GdnHCl
1PGA,L,5,Y,,-2.758,0,,6.5,GdnHCl
1PGA,K,4,L,,-0.2145,31.2,,6.5,GdnHCl
1PGA,K,4,M,,0.491,31.2,,6.5,GdnHCl
1PGA,K,4,N,,-0.2063,31.2,,6.5,GdnHCl
1PGA,K,4,S,,0.1752,31.2,,6.5,GdnHCl
1PGA,K,4,T,,0.4815,31.2,,6.5,GdnHCl
1PGA,K,4,V,,-0.2696,31.2,,6.5,GdnHCl
1PGA,K,4,Y,,0.8246,31.2,,6.5,GdnHCl
1PGA,T,2,Y,,0.1476,62.1,,6.5,GdnHCl
1PGA,M,1,N,,0.4343,65.2,,6.5,GdnHCl
1PGA,M,1,P,,0.05926,65.2,,6.5,GdnHCl
1PGA,M,1,Q,,0.4025,65.2,,6.5,GdnHCl
1PGA,M,1,R,,0.5102,65.2,,6.5,GdnHCl
1PGA,M,1,S,,0.68,65.2,,6.5,GdnHCl
1PGA,M,1,T,,0.4983,65.2,,6.5,GdnHCl
1PGA,M,1,V,,0.2675,65.2,,6.5,GdnHCl
1PGA,M,1,Y,,0.68,65.2,,6.5,GdnHCl
1PGA,D,22,G,-,-1.2,47,25,5.5,GdnHCl
1PGA,A,26,P,-,-3.4,0,25,5.5,GdnHCl
1OTR,K,11,A,B,-0.143403,,25,5,Urea
1OTR,E,34,S,B,-0.597514,102.1,25,5,Urea
1OTR,E,34,L,B,0.956023,102.1,25,5,Urea
1OTR,E,34,D,B,-1.00382,102.1,25,5,Urea
1FNA,P,82,A,-,-0.42,129.2,25,5,Urea
1FNA,P,87,A,-,-0.21,62.2,25,5,Urea
1EY0,V,66,K,-,-5.2,2.3,20,8.8,GdnHCl
1BI7,W,15,D,B,0.17,119.4,20,8.5,Urea
1BI7,L,37,S,B,0.71,89.3,20,8.5,Urea
1BI7,L,121,R,B,0.66,88.3,20,8.5,Urea
1DIV,K,12,M,-,0.98,110.4,25,5.4,Urea
1DIV,K,12,M,-,0.59,110.4,25,5.4,GdnHCl
1DIV,D,23,N,_,-0.72,97.8,25,5.4,Urea
1DIV,D,23,N,_,-0.02,97.8,25,5.4,Urea
1DIV,D,23,A,_,-0.46,97.8,25,5.4,Urea
1DIV,D,23,A,_,1.25,97.8,25,5.4,Urea
1DIV,D,23,A,_,-0.51,97.8,25,5.4,Urea
1DIV,D,23,A,_,1.13,97.8,25,5.4,Urea
2RN2,I,53,V,_,-0.2,0,25,5.5,Urea
2RN2,I,53,L,_,-1.4,0,25,5.5,Urea
2RN2,I,53,F,_,-3.9,0,25,5.5,Urea
2RN2,I,53,D,_,-4.1,0,25,5.5,Urea
2RN2,I,53,D,_,-2.1,0,25,5.5,Urea
1DIV,K,12,M,_,1.9,110.4,298.15 K,5.4,Urea
4AXT,I,55,T,-,-3.3,0.8,25,5,GdnHCl
1DIV,H,106,Q,_,-0.76,57.7,25,5.45,Urea
1DIV,H,106,Q,_,-1.14,57.7,25,5.45,Urea
1DIV,M,1,G,_,-2.36,82.1,25,5.5,Urea
1DIV,M,1,A,_,-1.46,82.1,25,5.5,Urea
1DIV,V,3,I,_,-0.31,0,25,5.5,Urea
1DIV,V,3,L,_,-2.21,0,25,5.5,Urea
1DIV,V,3,A,_,-2.55,0,25,5.5,Urea
1DIV,I,4,V,_,-0.59,4.3,25,5.5,Urea
1DIV,I,4,A,_,-2.22,4.3,25,5.5,Urea
1DIV,L,6,I,_,-0.13,59.9,25,5.5,Urea
1DIV,L,6,V,_,-0.41,59.9,25,5.5,Urea
1DIV,L,6,A,_,-3.1,59.9,25,5.5,Urea
1DIV,V,21,I,_,-0.4,9.8,25,5.5,Urea
1DIV,V,21,L,_,-1.23,9.8,25,5.5,Urea
1DIV,V,21,A,_,-2.33,9.8,25,5.5,Urea
1DIV,L,30,V,_,-3.62,9.6,25,5.5,Urea
1DIV,L,30,A,_,-2.76,9.6,25,5.5,Urea
1UZC,W,11,F,A,-0.2,44.8,283 K,5.7,Urea
1UZC,T,13,S,A,0.1,83.4,283 K,5.7,Urea
1UZC,T,13,A,A,-1,83.4,283 K,5.7,Urea
1UZC,E,15,A,A,-0.3,127.3,283 K,5.7,Urea
1UZC,E,15,G,A,-1,127.3,283 K,5.7,Urea
1UZC,A,17,G,A,-0.6,9.3,283 K,5.7,Urea
1UZC,Q,19,A,A,-0.2,93.4,283 K,5.7,Urea
1UZC,Q,19,G,A,-1.3,93.4,283 K,5.7,Urea
1UZC,A,20,G,A,-2.4,6.2,283 K,5.7,Urea
1UZC,L,24,A,A,-1,0,283 K,5.7,Urea
1UZC,K,26,A,A,0.1,107.2,283 K,5.7,Urea
1UZC,K,26,G,A,-0.8,107.2,283 K,5.7,Urea
1UZC,E,27,A,A,-0.6,115.1,283 K,5.7,Urea
1UZC,E,27,G,A,-1.6,115.1,283 K,5.7,Urea
1UZC,V,30,A,A,-3.3,3.2,283 K,5.7,Urea
1UZC,P,31,G,A,-1.1,65.7,283 K,5.7,Urea
1UZC,N,33,G,A,-0.4,122.8,283 K,5.7,Urea
1UZC,S,35,A,A,-1,50.9,283 K,5.7,Urea
1UZC,W,36,F,A,0.6,37.2,283 K,5.7,Urea
1UZC,Q,38,A,A,-0.3,102.7,283 K,5.7,Urea
1UZC,Q,38,G,A,-1.6,102.7,283 K,5.7,Urea
1UZC,A,39,G,A,-1.9,0.1,283 K,5.7,Urea
1UZC,M,42,A,A,-1.6,90.3,283 K,5.7,Urea
1UZC,I,43,V,A,-1.3,0,283 K,5.7,Urea
1UZC,I,44,V,A,-0.3,74.1,283 K,5.7,Urea
1UZC,I,44,A,A,-0.2,74.1,283 K,5.7,Urea
1UZC,I,44,G,A,-0.3,74.1,283 K,5.7,Urea
1UZC,D,46,N,A,-2.3,24.6,283 K,5.7,Urea
1UZC,P,47,G,A,-0.9,40.8,283 K,5.7,Urea
1UZC,Y,49,F,A,-0.3,17.4,283 K,5.7,Urea
1UZC,Y,49,A,A,-2.6,17.4,283 K,5.7,Urea
1UZC,S,50,A,A,-0.2,70.5,283 K,5.7,Urea
1UZC,S,50,G,A,-0.1,70.5,283 K,5.7,Urea
1UZC,A,51,G,A,-1.1,4.7,283 K,5.7,Urea
1UZC,L,52,A,A,-2.9,2.4,283 K,5.7,Urea
1UZC,A,53,G,A,-0.3,107.4,283 K,5.7,Urea
1UZC,S,56,A,A,-0.5,57.1,283 K,5.7,Urea
1UZC,S,56,G,A,-0.5,57.1,283 K,5.7,Urea
1UZC,K,58,A,A,-2.1,14.2,283 K,5.7,Urea
1UZC,Q,60,A,A,0.2,108.7,283 K,5.7,Urea
1UZC,Q,60,G,A,-0.8,108.7,283 K,5.7,Urea
1UZC,A,61,G,A,-2.2,0,283 K,5.7,Urea
1UZC,A,64,G,A,-0.9,35.1,283 K,5.7,Urea
1UZC,Y,65,F,A,-0.8,6.4,283 K,5.7,Urea
1UZC,V,67,A,A,0.6,107.4,283 K,5.7,Urea
1UZC,V,67,G,A,-0.1,107.4,283 K,5.7,Urea
1DIV,K,7,M,_,0.35,85.2,25,5.45,Urea
1DIV,K,10,M,_,0.05,186.6,25,5.45,Urea
1DIV,K,12,M,_,2.03,110.4,25,5.45,Urea
1DIV,K,14,M,_,0.01,92.1,25,5.45,Urea
1DIV,K,15,M,_,-0.31,107.3,25,5.45,Urea
1DIV,D,8,N,_,-0.3,95.5,25,5.45,Urea
1DIV,E,17,Q,_,-0.21,69.4,25,5.45,Urea
1DIV,D,23,N,_,-0.58,97.8,25,5.45,Urea
1DIV,E,38,Q,_,-0.56,71,25,5.45,Urea
1DIV,E,48,Q,_,0.03,69.7,25,5.45,Urea
1DIV,E,54,Q,_,0.33,58.5,25,5.45,Urea
1UBQ,K,6,E,_,0.788719,100.8,25,5.5,Urea
3SNF,F,28,T,_,-5.30593,,20,5.5,GdnHCl
3SNF,F,28,A,_,-4.99522,,20,5.5,GdnHCl
3SNF,F,36,Y,_,-4.66061,,20,5.5,GdnHCl
1DIV,F,5,V,_,-3.99,20.9,25,5.5,Urea
1DIV,K,12,M,_,1.73,110.4,25,5.5,Urea
1A2P,W,94,Y,A,-1.27,70.9,25,5.8,Urea
1A2P,W,94,F,A,-1.06,70.9,25,5.8,Urea
1A2P,W,94,L,A,-1.59,70.9,25,5.8,Urea
1A2P,W,94,Y,A,-0.99,70.9,25,9,Urea
1A2P,W,94,F,A,-0.6,70.9,25,9,Urea
1A2P,W,94,L,A,-0.66,70.9,25,9,Urea
1A2P,P,39,A,A,-5.12,0,25,5,GdnHCl
2ZCC,F,45,W,-,0.6,37.1,25,5,GdnHCl
1PTA,H,257,L,A,-2.5,11.2,25,8.3,Urea
1PTA,H,257,L,A,-2.5,11.2,25,8.3,Urea
1PTA,H,257,L,A,-5,11.2,25,8.3,Urea
451C,F,34,Y,_,1.33126,23.3,25,5,GdnHCl
451C,E,43,Y,_,1.12811,96.3,25,5,GdnHCl
451C,V,78,I,_,1.48662,7.6,25,5,GdnHCl
1EY0,V,23,E,,-5.1,0.13,20,5,GdnHCl
1EY0,L,25,E,,-6.4,0,20,5,GdnHCl
1EY0,L,25,E,,-9.5,0,20,9,GdnHCl
1EY0,F,34,E,,-5.4,0,20,5,GdnHCl
1EY0,F,34,E,,-7.9,0,20,9,GdnHCl
1EY0,L,36,E,,-4.6,0,20,5,GdnHCl
1EY0,L,36,E,,-8.4,0,20,9,GdnHCl
1EY0,T,41,E,,-2.6,6.27,20,5,GdnHCl
1EY0,T,41,E,,-4,6.27,20,9,GdnHCl
1EY0,T,62,E,,-3.2,0,20,5,GdnHCl
1EY0,T,62,E,,-6.7,0,20,9,GdnHCl
1EY0,I,72,E,,-8.5,5.95,20,9,GdnHCl
1EY0,V,74,E,,-6.1,0,20,5,GdnHCl
1EY0,V,74,E,,-9.4,0,20,9,GdnHCl
1EY0,Y,91,E,,-8.6,0,20,9,GdnHCl
1EY0,I,92,E,,-10.1,0,20,9,GdnHCl
1EY0,V,99,E,,-9.5,0,20,9,GdnHCl
1EY0,N,100,E,,-1.2,0,20,5,GdnHCl
1EY0,N,100,E,,-4.5,0,20,9,GdnHCl
1EY0,L,103,E,,-4.2,0,20,5,GdnHCl
1EY0,L,103,E,,-8.2,0,20,9,GdnHCl
1EY0,V,104,E,,-3.2,0,20,5.5,GdnHCl
1EY0,V,104,E,,-7.4,0,20,9,GdnHCl
1EY0,A,109,E,,-5,0,20,5,GdnHCl
1EY0,N,118,E,,-1.9,4.99,20,5,GdnHCl
1EY0,N,118,E,,-1.9,4.99,20,9,GdnHCl
1EY0,L,125,E,,-4.6,0,20,5,GdnHCl
1EY0,L,125,E,,-9.1,0,20,9,GdnHCl
1EY0,A,132,E,,-8.5,0,20,9,GdnHCl
1BPI,G,12,D,-,-4.3,19.4,25,8.7,"GSSG, GSH"
1BPI,G,12,V,-,-4.1,19.4,25,8.7,"GSSG, GSH"
1BPI,P,13,A,-,-1.6,82.1,25,8.7,"GSSG, GSH"
1BPI,P,13,S,-,-1.4,82.1,25,8.7,"GSSG, GSH"
1BPI,A,16,T,-,-1.7,54.7,25,8.7,"GSSG, GSH"
1BPI,A,16,V,-,-1.3,54.7,25,8.7,"GSSG, GSH"
1BPI,F,33,I,-,-2.4,25.3,25,8.7,"GSSG, GSH"
1BPI,F,33,L,-,-1.3,25.3,25,8.7,"GSSG, GSH"
1BPI,Y,35,A,-,-4.7,12.4,25,8.7,"GSSG, GSH"
1BPI,Y,35,D,-,-3.8,12.4,25,8.7,"GSSG, GSH"
1BPI,Y,35,F,-,-0.6,12.4,25,8.7,"GSSG, GSH"
1BPI,Y,35,G,-,-5,12.4,25,8.7,"GSSG, GSH"
1BPI,Y,35,L,-,-3.7,12.4,25,8.7,"GSSG, GSH"
1BPI,Y,35,N,-,-3.7,12.4,25,8.7,"GSSG, GSH"
1BPI,G,36,D,-,-2.8,0.6,25,8.7,"GSSG, GSH"
1PGA,T,53,A,-,-0.1,28.4,20,5.2,GdnHCl
1PGA,T,53,I,-,0.1,28.4,20,5.2,GdnHCl
1PGA,T,53,A,-,0.3,28.4,20,5.2,GdnHCl
1BPI,G,37,A,-,-2.2,34.5,25,8.7,"GSSG, GSH"
1BPI,G,37,D,-,-1.7,34.5,25,8.7,"GSSG, GSH"
1UBQ,V,26,L,-,0.3,0,25,5,GdnHCl
1UBQ,V,26,I,-,1.1,0,25,5,GdnHCl
1UBQ,V,26,A,-,-3.3,0,25,5,GdnHCl
1UBQ,V,26,G,-,-6.3,0,25,5,GdnHCl
2RN2,H,62,A,-,0.38,131.8,25,5.5,GdnHCl
2RN2,H,83,A,-,-0.01,118.8,25,5.5,GdnHCl
2RN2,H,114,A,-,-2.63,23.9,25,5.5,GdnHCl
2RN2,H,124,A,-,0.48,156.8,25,5.5,GdnHCl
2RN2,H,127,A,-,-0.58,70.2,25,5.5,GdnHCl
2RN2,S,68,G,-,-2.2,1,25,5.5,Urea
2RN2,S,68,A,-,0.19,1,25,5.5,Urea
2RN2,S,68,T,-,0.1,1,25,5.5,Urea
2RN2,S,68,V,-,1.29,1,25,5.5,Urea
2RN2,S,68,L,-,-1,1,25,5.5,Urea
1A2P,W,94,L,A,-0.64,70.9,25,8.9,Urea
1A2P,T,6,H,A,-1.56,74.5,25,8.9,Urea
2ZCC,K,6,E,-,0.478011,100.8,25,5,Urea
2ZCC,K,6,Q,-,0.239006,100.8,25,5,Urea
2ZCC,K,27,Q,-,-1.91205,16.1,25,5,Urea
2ZCC,K,29,Q,-,-1.67304,66.7,25,5,Urea
2ZCC,K,29,N,-,-1.43403,66.7,25,5,Urea
2ZCC,R,42,E,-,1.43403,84.1,25,5,Urea
2ZCC,H,68,Q,-,0.478011,74.2,25,5,Urea
2ZCC,H,68,E,-,0.717017,74.2,25,5,Urea
2ZCC,R,72,Q,-,-0.239006,117.1,25,5,Urea
1HNG,Y,76,F,A,1.49,0,25,5,Urea
1TEN,Y,869,F,-,3.22,8.2,25,5,Urea
1TEN,Y,869,A,-,1.88,8.2,25,5,Urea
451C,V,78,I,-,0.06,7.6,25,5,GdnHCl
1A6M,L,115,A,-,-1.4,0.3,25,5,Urea
1A6M,F,123,A,-,-1.1,1,25,5,Urea
1A6M,L,135,A,-,-1.7,1.1,25,5,Urea
1A6M,L,11,A,-,-0.6,34.7,25,5,Urea
1A6M,F,106,A,-,-0.7,38.5,25,5,Urea
1A6M,L,137,A,-,-0.3,41.4,25,5,Urea
1A6M,A,15,L,-,0.1,67,25,5,Urea
1A6M,A,125,L,-,0.6,91.7,25,5,Urea
1A6M,A,144,L,-,0.4,55.5,25,5,Urea
1A6M,L,115,A,-,-1.4,0.3,25,5,Urea
1A6M,F,123,A,-,-1.1,1,25,5,Urea
1A6M,L,135,A,-,-1.7,1.1,25,5,Urea
1A6M,L,11,A,-,-0.6,34.7,25,5,Urea
1A6M,F,106,A,-,-0.7,38.5,25,5,Urea
1A6M,L,137,A,-,-0.3,41.4,25,5,Urea
1A6M,A,15,L,-,0.1,67,25,5,Urea
1A6M,A,125,L,-,0.6,91.7,25,5,Urea
1A6M,A,144,L,-,0.4,55.5,25,5,Urea
1APS,Y,11,F,-,0.43021,4.7,28,5.5,Urea
1APS,Y,11,I,-,-2.22275,4.7,28,5.5,Urea
1APS,V,13,A,-,-2.62906,0,28,5.5,Urea
1APS,V,17,A,-,-1.84034,1,28,5.5,Urea
1APS,V,20,A,-,-0.286807,18.4,28,5.5,Urea
1APS,F,22,L,-,-1.29063,3.4,28,5.5,Urea
1APS,Y,25,A,-,-0.239006,94.1,28,5.5,Urea
1APS,E,29,D,-,-3.46558,14.6,28,5.5,Urea
1APS,A,30,G,-,-1.64914,0,28,5.5,Urea
1APS,V,36,A,-,-2.53346,14.6,28,5.5,Urea
1APS,W,38,F,-,-0.0239006,50.4,28,5.5,Urea
1APS,V,39,A,-,-1.62524,0,28,5.5,Urea
1APS,T,42,A,-,-1.84034,25.5,28,5.5,Urea
1APS,G,45,A,-,-1.72084,39.9,28,5.5,Urea
1APS,V,47,A,-,-1.86424,0,28,5.5,Urea
1APS,V,51,A,-,-1.88815,0,28,5.5,Urea
1APS,P,54,A,-,-0.454111,36.7,28,5.5,Urea
1APS,M,61,A,-,-3.9675,0,28,5.5,Urea
1APS,W,64,A,-,-1.50574,19.5,28,5.5,Urea
1APS,L,65,V,-,-5.35373,0,28,5.5,Urea
1APS,P,71,A,-,-1.60134,102,28,5.5,Urea
1APS,I,75,V,-,-1.41013,26.3,28,5.5,Urea
1APS,T,78,S,-,-1.41013,19.9,28,5.5,Urea
1APS,E,83,D,-,-1.50574,61.4,28,5.5,Urea
1APS,I,86,V,-,-1.76864,37.3,28,5.5,Urea
1APS,L,89,A,-,-1.67304,68.9,28,5.5,Urea
1APS,F,94,L,-,-4.326,0.3,28,5.5,Urea
2RN2,I,53,A,-,-2.1,0,25,5.5,Urea
2RN2,Q,105,G,-,-2.2,77.4,25,5.5,Urea
2RN2,D,10,A,-,3.3,18.4,25,5.5,Urea
2RN2,R,27,A,-,-2.2,60.1,25,5.5,Urea
2RN2,H,62,A,-,0.36,131.8,25,5.5,GdnHCl
2RN2,H,83,A,-,0.22,118.8,25,5.5,GdnHCl
2RN2,H,124,A,-,0.17,156.8,25,5.5,GdnHCl
2RN2,H,127,A,-,-0.24,70.2,25,5.5,GdnHCl
2RN2,H,62,A,-,0.58,131.8,25,8.2,GdnHCl
2RN2,H,83,A,-,-0.09,118.8,25,8.2,GdnHCl
2RN2,H,124,A,-,0.05,156.8,25,8.2,GdnHCl
2RN2,H,127,A,-,-0.31,70.2,25,8.2,GdnHCl
2RN2,H,62,P,-,0.74,131.8,25,5.5,GdnHCl
1FNA,P,5,A,-,0.11,,25,5,GdnHCl
1FNA,L,8,A,-,-1.64,10.9,25,5,GdnHCl
1FNA,V,10,A,-,-1.38,34.9,25,5,GdnHCl
1FNA,A,13,G,-,-0.93,33.3,25,5,GdnHCl
1FNA,L,18,A,-,-0.87,4,25,5,GdnHCl
1FNA,I,20,A,-,-0.74,0,25,5,GdnHCl
1FNA,I,20,V,-,-0.41,0,25,5,GdnHCl
1FNA,W,22,F,-,-1.94,10.9,25,5,GdnHCl
1FNA,P,25,A,-,-0.48,47.5,25,5,GdnHCl
1FNA,V,29,A,-,-1.45,13.8,25,5,GdnHCl
1FNA,Y,32,F,-,-0.41,1.6,25,5,GdnHCl
1FNA,Y,32,L,-,-2.81,1.6,25,5,GdnHCl
1FNA,Y,32,A,-,-4.37,1.6,25,5,GdnHCl
1FNA,Y,32,A,-,-3.96,1.6,25,5,GdnHCl
1FNA,Y,32,L,-,-2.4,1.6,25,5,GdnHCl
1FNA,I,34,A,-,-5.02,0,25,5,GdnHCl
1FNA,I,34,V,-,-0.41,0,25,5,GdnHCl
1FNA,Y,36,A,-,-2.29,30.8,25,5,GdnHCl
1FNA,F,48,A,-,-2.16,65.5,25,5,GdnHCl
1FNA,V,50,A,-,-2.42,9.5,25,5,GdnHCl
1FNA,A,57,G,-,-2.81,15.3,25,5,GdnHCl
1FNA,I,59,A,-,-3.66,2.1,25,5,GdnHCl
1FNA,I,59,V,-,-1.12,2.1,25,5,GdnHCl
1FNA,L,62,A,-,-2.94,11.6,25,5,GdnHCl
1FNA,P,64,A,-,-0.41,69.5,25,5,GdnHCl
1FNA,V,66,A,-,-0.67,37.6,25,5,GdnHCl
1FNA,Y,68,F,-,-2.03,8.8,25,5,GdnHCl
1FNA,I,70,A,-,-3.72,0.8,25,5,GdnHCl
1FNA,I,70,V,-,-0.61,0.8,25,5,GdnHCl
1FNA,V,72,A,-,-3.33,4.8,25,5,GdnHCl
1FNA,A,74,G,-,-1.38,5.7,25,5,GdnHCl
1FNA,S,85,A,-,0.11,28.5,25,5,GdnHCl
1FNA,I,88,A,-,-0.35,26,25,5,GdnHCl
1FNA,I,88,V,-,-0.35,26,25,5,GdnHCl
1FNA,I,90,A,-,-0.35,45.2,25,5,GdnHCl
1FNA,I,90,V,-,-0.28,45.2,25,5,GdnHCl
1FNA,Y,92,F,-,0.11,58.2,25,5,GdnHCl
1FNA,Y,92,A,-,-1.19,58.2,25,5,GdnHCl
1TEN,P,806,A,-,-2.74,4.4,25,5,Urea
1TEN,I,809,A,-,-2.86,15.3,25,5,Urea
1TEN,I,809,V,-,-0.18,15.3,25,5,Urea
1TEN,V,811,A,-,-1.36,29.2,25,5,Urea
1TEN,A,819,G,-,-2.8,2.2,25,5,Urea
1TEN,I,821,A,-,-3.67,0,25,5,Urea
1TEN,I,821,V,-,-0.23,0,25,5,Urea
1TEN,P,826,A,-,-1.73,2.7,25,5,Urea
1TEN,I,830,A,-,-1.38,3.6,25,5,Urea
1TEN,I,830,V,-,-0.32,3.6,25,5,Urea
1TEN,I,833,A,-,-3.28,1.7,25,5,Urea
1TEN,I,833,V,-,-0.5,1.7,25,5,Urea
1TEN,L,835,A,-,-4.29,0,25,5,Urea
1TEN,Y,837,A,-,-4.22,35.4,25,5,Urea
1TEN,I,849,A,-,-2.19,44.8,25,5,Urea
1TEN,L,851,A,-,-2.99,8.8,25,5,Urea
1TEN,Y,858,G,-,-4.14,60.9,25,5,Urea
1TEN,Y,858,A,-,-1.38,60.9,25,5,Urea
1TEN,Y,858,G,-,-2.76,,25,5,Urea
1TEN,I,860,A,-,-2.06,5.7,25,5,Urea
1TEN,I,860,V,-,-0.83,5.7,25,5,Urea
1TEN,L,863,A,-,-4.22,12.4,25,5,Urea
1TEN,P,865,A,-,-0.93,65.4,25,5,Urea
1TEN,T,867,S,-,-1.22,19.9,25,5,Urea
1TEN,Y,869,F,-,-3.13,8.2,25,5,Urea
1TEN,V,871,A,-,-2.81,0.1,25,5,Urea
1TEN,L,873,A,-,-3.06,0,25,5,Urea
1TEN,S,875,A,-,0.04,0,25,5,Urea
1TEN,S,882,A,-,-2.28,10.2,25,5,Urea
1TEN,P,884,A,-,-0.11,74.4,25,5,Urea
1TEN,A,885,G,-,-1.09,31.3,25,5,Urea
1TEN,E,887,A,-,1.61,61.9,25,5,Urea
1TEN,E,887,G,-,-0.34,61.9,25,5,Urea
1TEN,E,887,G,-,-1.95,,25,5,Urea
1TEN,F,889,A,-,-5.43,21.1,25,5,Urea